uni17A9,LC,770,0
uni17A9,LR,1725,0
uni17A9,UC,770,1580
uni17A9,UN,770,1580
uni17A9,UR,1725,1580
uni17BD,LA,-679,-830
uni17BD,LX,-225,-830
uni17BD,_LR,-245,0
uni17BD,_LX,-225,0
uni17D2178817C5.right.alt,LC_1,-365,-735
uni17D2178817C5.right.alt,LC_2,782,0
uni17D2178817C5.right.alt,LR_1,562,-735
uni17D2178817C5.right.alt,LR_2,1312,0
uni17D2178817C5.right.alt,UC_1,122,1580
uni17D2178817C5.right.alt,UC_2,782,1580
uni17D2178817C5.right.alt,UN_1,-365,1580
uni17D2178817C5.right.alt,UN_2,782,1580
uni17D2178817C5.right.alt,UR_1,562,1580
uni17D2178817C5.right.alt,UR_2,1312,1580
uni17D217A0.low.alt,LA,-702,-1225
uni17D217A0.low.alt,LX,-148,-1225
uni17D217A0.low.alt,_LC,-702,-670
uni17D217A0.low.alt,_LR,-245,-670
uni17D217A0.low.alt,_LX,-225,-670
uni17CE.narrow,UA,-695,2136
uni17CE.narrow,UX,-225,2136
uni17CE.narrow,_UA,-695,1580
uni17CE.narrow,_UC,-715,1580
uni17D2179B.low,LA,-660,-1264
uni17D2179B.low,LX,-225,-1264
uni17D2179B.low,_LC,-660,-670
uni17D2179B.low,_LR,-245,-670
uni17D2179B.low,_LX,-225,-670
uni17CC.narrow,UA,-695,2097
uni17CC.narrow,UX,-225,2097
uni17CC.narrow,_UC,-695,1480
uni17CC.narrow,_UX,-225,1580
uni17D2178817B6.low.alt,LC_1,-371,-1265
uni17D2178817B6.low.alt,LC_2,782,0
uni17D2178817B6.low.alt,LR_1,562,-1265
uni17D2178817B6.low.alt,LR_2,1312,0
uni17D2178817B6.low.alt,UC_1,112,1580
uni17D2178817B6.low.alt,UC_2,782,1580
uni17D2178817B6.low.alt,UN_1,-371,1580
uni17D2178817B6.low.alt,UN_2,782,1580
uni17D2178817B6.low.alt,UR_1,562,1580
uni17D2178817B6.low.alt,UR_2,1312,1580
uni17D2178817B6.low.alt,zxc1,1068,1236
ringcomb,LU,-624,1845
ringcomb,_LU,-624,1340
uni1EEB,LL,700,-110
uni1EEB,LU,700,1798
uni1EEB,PB,0,0
uni1EEB,def,0,0
uni1EAD,LL,618,-507
uni1EAD,LU,637,1781
uni1EAD,PB,550,0
uni1EAD,def,560,0
uni1780,LC,787,0
uni1780,LR,1295,0
uni1780,UC,825,1580
uni1780,UN,787,1580
uni1780,UR,1295,1580
uni179917C5.right,LC_1,1160,0
uni179917C5.right,LC_2,2209,0
uni179917C5.right,LR_1,1987,0
uni179917C5.right,LR_2,2737,0
uni179917C5.right,UC_1,1509,1580
uni179917C5.right,UC_2,2209,1580
uni179917C5.right,UN_1,1160,1580
uni179917C5.right,UN_2,2209,1580
uni179917C5.right,UR_1,1987,1580
uni179917C5.right,UR_2,2737,1580
Yacute,LL,767,-110
Yacute,LU,850,2193
Iacute,LL,437,-110
Iacute,LU,437,2193
uni17D21796.low,LA,-639,-1230
uni17D21796.low,LX,-225,-1230
uni17D21796.low,_LC,-639,-670
uni17D21796.low,_LR,-245,-670
uni17D21796.low,_LX,-225,-670
Oacute,LL,764,-110
Oacute,LU,764,2223
uni17D21786.low,LA,-759,-1240
uni17D21786.low,LX,-225,-1240
uni17D21786.low,_LC,-759,-670
uni17D21786.low,_LR,-245,-670
uni17D21786.low,_LX,-225,-670
_uni03020309,LU,-664,2021
_uni03020309,_LU,-664,1350
uni01A10306,LL,664,-110
uni01A10306,LU,664,1701
uni01A10306,PA,1244,200
uni01A10306,PB,0,0
uni01A10306,_PA,1244,0
uni01A10306,_def,1244,18
uni01A10306,def,0,0
uni17D2179F.low,LC,45,-1235
uni17D2179F.low,LR,562,-1235
uni17D2179F.low,UC,45,1580
uni17D2179F.low,UN,388,1580
uni17D2179F.low,UR,562,1580
j,LL,131,-690
j,LU,361,1819
j,PB,420,-200
j,def,460,200
uni1EDF,LL,664,-110
uni1EDF,LU,680,1834
uni1EDF,PA,1285,0
uni1EDF,PB,0,0
uni1EDF,_PA,1285,-10
uni1EDF,_def,1285,18
uni1EDF,def,0,0
c,LH,687,30
c,LL,656,-110
c,LU,656,1350
c,PB,550,0
c,def,590,0
uni178B,LC,823,0
uni178B,LR,1350,0
uni178B,UC,823,1840
uni178B,UN,823,1840
uni178B,UR,1350,1840
Agrave,LL,730,-110
Agrave,LU,730,2193
uni1EB2,LL,730,-110
uni1EB2,LU,730,2446
uni1EB2,PA,1294,812
uni179E17B6,LC_1,793,0
uni179E17B6,LC_2,1534,0
uni179E17B6,LR_1,1312,0
uni179E17B6,LR_2,2062,0
uni179E17B6,UC_1,793,1580
uni179E17B6,UC_2,1534,1580
uni179E17B6,UN_1,793,1580
uni179E17B6,UN_2,1534,1580
uni179E17B6,UR_1,1312,1580
uni179E17B6,UR_2,2062,1580
uni179E17B6,zxc1,1818,1236
uni178F17B6,LC_1,784,0
uni178F17B6,LC_2,1539,0
uni178F17B6,LR_1,1312,0
uni178F17B6,LR_2,2062,0
uni178F17B6,UC_1,785,1580
uni178F17B6,UC_2,1539,1580
uni178F17B6,UN_1,784,1580
uni178F17B6,UN_2,1539,1580
uni178F17B6,UR_1,1312,1580
uni178F17B6,UR_2,2062,1580
uni178F17B6,zxc1,1824,1236
uni17D2179E17C5.right,LC_1,31,-735
uni17D2179E17C5.right,LC_2,782,0
uni17D2179E17C5.right,LR_1,562,-735
uni17D2179E17C5.right,LR_2,1312,0
uni17D2179E17C5.right,UC_1,31,1580
uni17D2179E17C5.right,UC_2,782,1580
uni17D2179E17C5.right,UN_1,31,1580
uni17D2179E17C5.right,UN_2,782,1580
uni17D2179E17C5.right,UR_1,562,1580
uni17D2179E17C5.right,UR_2,1312,1580
uni1EDE,LL,764,-110
uni1EDE,LU,780,2259
uni1EDE,PA,1385,425
uni1EDE,_PA,1385,415
uni1EDE,_def,1385,443
uni17D3,UA,-695,2155
uni17D3,UX,-225,2155
uni17D3,_UA,-695,1580
uni17D3,_UC,-715,1580
five,LL,594,-101
five,LU,594,1605
uni1EB5,LL,620,-110
uni1EB5,LU,637,2021
uni1EB5,PB,550,0
uni1EB5,def,560,0
uni17A7,LC,771,-230
uni17A7,LR,1275,-230
uni17A7,UC,759,1580
uni17A7,UN,771,1580
uni17A7,UR,1275,1580
uni01A00306,LL,764,-110
uni01A00306,LU,764,2126
uni01A00306,PA,1344,625
uni01A00306,_PA,1344,425
uni01A00306,_def,1344,443
Uacute,LL,916,-110
Uacute,LU,936,2193
f,LL,375,-110
f,LU,637,1880
f,PB,572,0
f,def,632,200
uni17D217A2,LA,-605,-670
uni17D217A2,LX,-225,-670
uni17D217A2,_LC,-605,0
uni17D217A2,_LR,-245,0
uni17D217A2,_LX,-225,0
uni17D21787.low,LA,-646,-1240
uni17D21787.low,LX,-225,-1240
uni17D21787.low,_LC,-646,-670
uni17D21787.low,_LR,-245,-670
uni17D21787.low,_LX,-225,-670
uni17BB.low,LA,-506,-670
uni17BB.low,LX,-225,-1340
uni17BB.low,_LR,-245,-670
uni17BB.low,_LX,-225,-670
uni1EE8,LL,916,-110
uni1EE8,LU,936,2193
uni1EAE,LL,730,-110
uni1EAE,LU,730,2406
thorn,LL,670,-690
thorn,LU,670,1880
uni17C9,UA,-694,2034
uni17C9,UX,-225,2024
uni17C9,_UA,-695,1580
uni17C9,_UC,-715,1580
uni1EA7,LL,620,-110
uni1EA7,LU,637,1781
uni1EA7,PB,550,0
uni1EA7,def,560,0
dottedcircle,LC,773,0
dottedcircle,LL,773,-10
dottedcircle,LR,1295,0
dottedcircle,LU,738,1350
dottedcircle,PA,1540,0
dottedcircle,UC,825,1580
dottedcircle,UN,773,1580
dottedcircle,UR,1295,1580
dottedcircle,def,1539,18
uni17D21794,LC,34,-707
uni17D21794,LR,562,-707
uni17D21794,UC,34,1580
uni17D21794,UN,388,1580
uni17D21794,UR,562,1580
Scaron,LL,688,-110
Scaron,LU,688,2132
edieresis,LL,721,-110
edieresis,LU,684,1804
edieresis,PB,570,0
edieresis,def,610,0
uni17D217A0.alt,LA,-713,-713
uni17D217A0.alt,LX,-188,-713
uni17D217A0.alt,_LC,-713,0
uni17D217A0.alt,_LR,-245,0
uni17D217A0.alt,_LX,-225,0
oacute,LH,939,1010
oacute,LL,664,-110
oacute,LU,664,1798
oacute,PB,561,0
oacute,def,621,0
seven,LL,554,-101
seven,LU,554,1605
i,LL,415,-110
i,LU,415,1819
i,PB,513,0
i,def,453,200
uni17D2179917C5.rightlow,LC_1,29,-1265
uni17D2179917C5.rightlow,LC_2,782,0
uni17D2179917C5.rightlow,LR_1,562,-1265
uni17D2179917C5.rightlow,LR_2,1312,0
uni17D2179917C5.rightlow,UC_1,112,1580
uni17D2179917C5.rightlow,UC_2,782,1580
uni17D2179917C5.rightlow,UN_1,29,1580
uni17D2179917C5.rightlow,UN_2,782,1580
uni17D2179917C5.rightlow,UR_1,562,1580
uni17D2179917C5.rightlow,UR_2,1312,1580
uni1EF5,LL,922,-747
uni1EF5,LU,763,1350
uni1EF5,PB,529,-200
uni1EF5,def,511,0
uni17D2178C.low,LA,-650,-1340
uni17D2178C.low,LX,-225,-1340
uni17D2178C.low,_LC,-650,-670
uni17D2178C.low,_LR,-245,-670
uni17D2178C.low,_LX,-225,-670
uni0323,LL,-627,-487
uni0323,_LL,-625,-90
uni1ED5,LH,939,1010
uni1ED5,LL,664,-110
uni1ED5,LU,664,2021
uni1ED5,PB,561,0
uni1ED5,def,621,0
uni178A,LC,787,0
uni178A,LR,1313,0
uni178A,UC,785,1840
uni178A,UN,787,1840
uni178A,UR,1313,1840
udieresis,LL,700,-110
udieresis,LU,700,1804
udieresis,PB,519,0
udieresis,def,579,0
uni17BB,LA,-506,-720
uni17BB,LX,-225,-720
uni17BB,_LR,-245,0
uni17BB,_LX,-225,0
uni17D217B3,LA,-673,-921
uni17D217B3,LX,-225,-921
uni17D217B3,_LC,-673,0
uni17D217B3,_LR,-245,0
uni17D217B3,_LX,-225,0
uni1ECA,LL,435,-507
uni1ECA,LU,437,1745
uni17D2178317B6.low.alt,LC_1,-122,-1230
uni17D2178317B6.low.alt,LC_2,787,0
uni17D2178317B6.low.alt,LR_1,562,-1230
uni17D2178317B6.low.alt,LR_2,1312,0
uni17D2178317B6.low.alt,UC_1,123,1580
uni17D2178317B6.low.alt,UC_2,787,1580
uni17D2178317B6.low.alt,UN_1,-122,1580
uni17D2178317B6.low.alt,UN_2,787,1580
uni17D2178317B6.low.alt,UR_1,562,1580
uni17D2178317B6.low.alt,UR_2,1312,1580
uni17D2178317B6.low.alt,zxc1,1068,1236
uni17D217A5,LA,-613,-1031
uni17D217A5,LX,-225,-1031
uni17D217A5,_LC,-613,0
uni17D217A5,_LR,-245,0
uni17D217A5,_LX,-225,0
uni178817B6,LC_1,1315,0
uni178817B6,LC_2,2667,0
uni178817B6,LR_1,2437,0
uni178817B6,LR_2,3187,0
uni178817B6,UC_1,1959,1580
uni178817B6,UC_2,2667,1580
uni178817B6,UN_1,1315,1580
uni178817B6,UN_2,2667,1580
uni178817B6,UR_1,2437,1580
uni178817B6,UR_2,3187,1580
uni178817B6,zxc1,2914,1236
uni1EBE,LL,841,-110
uni1EBE,LU,841,2176
uni17A017C5.right,LC_1,1007,0
uni17A017C5.right,LC_2,1990,0
uni17A017C5.right,LR_1,1762,0
uni17A017C5.right,LR_2,2512,0
uni17A017C5.right,UC_1,1304,1580
uni17A017C5.right,UC_2,1990,1580
uni17A017C5.right,UN_1,1007,1580
uni17A017C5.right,UN_2,1990,1580
uni17A017C5.right,UR_1,1762,1580
uni17A017C5.right,UR_2,2512,1580
uni178917C5.right,LC_1,1156,-604
uni178917C5.right,LC_2,2178,0
uni178917C5.right,LR_1,1948,-604
uni178917C5.right,LR_2,2700,0
uni178917C5.right,UC_1,1472,1580
uni178917C5.right,UC_2,2178,1910
uni178917C5.right,UN_1,1156,1580
uni178917C5.right,UN_2,2178,1910
uni178917C5.right,UR_1,1948,1580
uni178917C5.right,UR_2,2700,1910
uni178217B6,LC_1,785,0
uni178217B6,LC_2,1362,0
uni178217B6,LR_1,1312,0
uni178217B6,LR_2,2062,0
uni178217B6,UC_1,785,1580
uni178217B6,UC_2,1362,1580
uni178217B6,UN_1,785,1580
uni178217B6,UN_2,1362,1580
uni178217B6,UR_1,1312,1580
uni178217B6,UR_2,2062,1580
uni178217B6,zxc1,1774,1236
uni17D21797.low,LA,-642,-1238
uni17D21797.low,LX,-188,-1238
uni17D21797.low,_LC,-642,-670
uni17D21797.low,_LR,-245,-670
uni17D21797.low,_LX,-225,-670
_uni0306.high,LU,-664,1971
_uni0306.high,_LU,-664,1350
uni179217C5.right,LC_1,787,0
uni179217C5.right,LC_2,1538,0
uni179217C5.right,LR_1,1312,0
uni179217C5.right,LR_2,2061,0
uni179217C5.right,UC_1,785,1580
uni179217C5.right,UC_2,1538,1580
uni179217C5.right,UN_1,787,1580
uni179217C5.right,UN_2,1538,1580
uni179217C5.right,UR_1,1312,1580
uni179217C5.right,UR_2,2061,1580
uni1EDC,LL,764,-110
uni1EDC,LU,764,2223
uni1ECD,LH,939,1010
uni1ECD,LL,662,-507
uni1ECD,LU,664,1350
uni1ECD,PB,561,0
uni1ECD,def,621,0
cedillacomb,LL,-578,-476
cedillacomb,_LH,-580,44
uni1EBA,LL,841,-110
uni1EBA,LU,857,2229
uni1EBA,PA,1462,395
uni1EBA,_PA,1462,385
uni1EBA,_def,1462,413
uni17D21788,LC,-135,-707
uni17D21788,LR,562,-707
uni17D21788,UC,75,1580
uni17D21788,UN,388,1580
uni17D21788,UR,562,1580
uni17BC.narrow,LA,-518,-830
uni17BC.narrow,LX,-225,-830
uni17BC.narrow,_LR,-245,0
uni17BC.narrow,_LX,-225,0
uni17A1,LC,1017,-722
uni17A1,LR,1762,-722
uni17A1,UC,1235,1580
uni17A1,UN,1017,1580
uni17A1,UR,1762,1580
uni17CE,UA,-695,2136
uni17CE,UX,-225,2136
uni17CE,_UA,-695,1560
uni17CE,_UC,-715,1560
uni17D2179C.low,LA,-645,-1215
uni17D2179C.low,LX,-225,-1215
uni17D2179C.low,_LC,-645,-670
uni17D2179C.low,_LR,-245,-670
uni17D2179C.low,_LX,-225,-670
uni17D1,UA,-695,1860
uni17D1,UX,-225,1860
uni17D1,_UA,-695,1580
uni17D1,_UN,-715,1580
uni17D2179E17B6.low,LC_1,29,-1265
uni17D2179E17B6.low,LC_2,782,0
uni17D2179E17B6.low,LR_1,562,-1265
uni17D2179E17B6.low,LR_2,1312,0
uni17D2179E17B6.low,UC_1,112,1580
uni17D2179E17B6.low,UC_2,782,1580
uni17D2179E17B6.low,UN_1,29,1580
uni17D2179E17B6.low,UN_2,782,1580
uni17D2179E17B6.low,UR_1,562,1580
uni17D2179E17B6.low,UR_2,1312,1580
uni17D2179E17B6.low,zxc1,1068,1236
uni17BC,LA,-678,-830
uni17BC,LX,-225,-830
uni17BC,_LR,-245,0
uni17BC,_LX,-225,0
uni1EA1,LL,618,-507
uni1EA1,LU,637,1350
uni1EA1,PB,550,0
uni1EA1,def,560,0
asciitilde,LU,655,921
gravecomb,LU,-664,1798
gravecomb,_LU,-664,1350
uni17D21791.low,LA,-665,-1240
uni17D21791.low,LX,-225,-1240
uni17D21791.low,_LC,-665,-670
uni17D21791.low,_LR,-245,-670
uni17D21791.low,_LX,-225,-670
uni0128,LL,437,-110
uni0128,LU,477,2102
uni17D21783.low,LC,-126,-1235
uni17D21783.low,LR,562,-1235
uni17D21783.low,UC,35,1580
uni17D21783.low,UN,388,1580
uni17D21783.low,UR,562,1580
uni178D17C5.right,LC_1,1163,0
uni178D17C5.right,LC_2,2284,0
uni178D17C5.right,LR_1,2062,0
uni178D17C5.right,LR_2,2812,0
uni178D17C5.right,UC_1,1515,1580
uni178D17C5.right,UC_2,2284,1580
uni178D17C5.right,UN_1,1163,1580
uni178D17C5.right,UN_2,2284,1580
uni178D17C5.right,UR_1,2062,1580
uni178D17C5.right,UR_2,2812,1580
uni17CB.narrow,UA,-695,2013
uni17CB.narrow,UX,-325,2013
uni17CB.narrow,_UA,-695,1580
uni17CB.narrow,_UC,-715,1580
space,LU,833,1998
uni0111,LL,618,-110
uni0111,LU,618,1880
uni0111,PB,0,0
uni0111,def,0,0
Oslash,LL,764,-110
Oslash,LU,764,1775
uni1EBB,LL,721,-110
uni1EBB,LU,700,1834
uni1EBB,PA,1305,0
uni1EBB,PB,570,0
uni1EBB,_PA,1305,-10
uni1EBB,_def,1305,18
uni1EBB,def,610,0
uni17BD.narrow,LA,-470,-670
uni17BD.narrow,LX,-225,-670
uni17BD.narrow,_LR,-245,0
uni17BD.narrow,_LX,-225,0
uni1EB6,LL,728,-507
uni1EB6,LU,730,2096
uni1EB6,PA,1310,595
uni1EB6,_PA,1310,395
uni1EB6,_def,1310,413
Ocircumflex,LL,764,-110
Ocircumflex,LU,764,2206
uni17D217A1.alt,LA,-644,-1240
uni17D217A1.alt,LX,-225,-1240
uni17D217A1.alt,_LC,-644,0
uni17D217A1.alt,_LR,-245,0
uni17D217A1.alt,_LX,-225,0
uni17D217B2,LA,-864,-937
uni17D217B2,LX,-225,-937
uni17D217B2,_LC,-864,0
uni17D217B2,_LR,-245,0
uni17D217B2,_LX,-225,0
uni1EF7,LL,924,-350
uni1EF7,LU,779,1834
uni1EF7,PA,1384,0
uni1EF7,PB,529,-200
uni1EF7,_PA,1384,-10
uni1EF7,_def,1384,18
uni1EF7,def,511,0
Igrave,LL,437,-110
Igrave,LU,437,2193
uni1EDA,LL,764,-110
uni1EDA,LU,764,2223
uni17D21798,LA,-664,-670
uni17D21798,LX,-225,-670
uni17D21798,_LC,-664,0
uni17D21798,_LR,-245,0
uni17D21798,_LX,-225,0
uni17D2178D17C5.right,LC_1,-259,-738
uni17D2178D17C5.right,LC_2,781,0
uni17D2178D17C5.right,LR_1,562,-738
uni17D2178D17C5.right,LR_2,1312,0
uni17D2178D17C5.right,UC_1,14,1580
uni17D2178D17C5.right,UC_2,781,1580
uni17D2178D17C5.right,UN_1,-259,1580
uni17D2178D17C5.right,UN_2,781,1580
uni17D2178D17C5.right,UR_1,552,1580
uni17D2178D17C5.right,UR_2,1312,1580
_uni03020303,LU,-664,2093
_uni03020303,_LU,-664,1350
agrave,LL,620,-110
agrave,LU,637,1798
agrave,PB,550,0
agrave,def,560,0
uni1EF4,LL,765,-507
uni1EF4,LU,850,1745
uni0168,LL,916,-110
uni0168,LU,976,2102
uni17D2178817C5.rightlow.alt,LC_1,-371,-1265
uni17D2178817C5.rightlow.alt,LC_2,782,0
uni17D2178817C5.rightlow.alt,LR_1,562,-1265
uni17D2178817C5.rightlow.alt,LR_2,1312,0
uni17D2178817C5.rightlow.alt,UC_1,112,1580
uni17D2178817C5.rightlow.alt,UC_2,782,1580
uni17D2178817C5.rightlow.alt,UN_1,-371,1580
uni17D2178817C5.rightlow.alt,UN_2,782,1580
uni17D2178817C5.rightlow.alt,UR_1,562,1580
uni17D2178817C5.rightlow.alt,UR_2,1312,1580
uni17DD,UA,-755,2125
uni17DD,UX,-250,2123
uni17DD,_UA,-711,1580
uni17DD,_UC,-736,1580
_uni03020300,LU,-664,1781
_uni03020300,_LU,-664,1350
uni17D2178317B6,LC_1,-128,-730
uni17D2178317B6,LC_2,780,0
uni17D2178317B6,LR_1,562,-730
uni17D2178317B6,LR_2,1312,0
uni17D2178317B6,UC_1,123,1580
uni17D2178317B6,UC_2,780,1580
uni17D2178317B6,UN_1,-128,1580
uni17D2178317B6,UN_2,780,1580
uni17D2178317B6,UR_1,562,1580
uni17D2178317B6,UR_2,1312,1580
uni17D2178317B6,zxc1,1068,1236
Thorn,LL,844,-110
Thorn,LU,845,1745
uni17CC,UA,-695,2097
uni17CC,UX,-225,2097
uni17CC,_UC,-695,1480
uni17CC,_UX,-225,1580
uni1EA6,LL,730,-110
uni1EA6,LU,730,2176
uni1EC4,LL,841,-110
uni1EC4,LU,841,2488
uni1793,LC,797,0
uni1793,LR,1312,0
uni1793,UC,795,1580
uni1793,UN,797,1580
uni1793,UR,1312,1580
t,LL,611,-110
t,LU,441,1540
t,PB,620,0
t,def,540,160
uni17D2178817B6,LC_1,-365,-735
uni17D2178817B6,LC_2,782,0
uni17D2178817B6,LR_1,562,-735
uni17D2178817B6,LR_2,1312,0
uni17D2178817B6,UC_1,122,1580
uni17D2178817B6,UC_2,782,1580
uni17D2178817B6,UN_1,-365,1580
uni17D2178817B6,UN_2,782,1580
uni17D2178817B6,UR_1,562,1580
uni17D2178817B6,UR_2,1312,1580
uni17D2178817B6,zxc1,1068,1236
uni17BC.low,LA,-598,-670
uni17BC.low,LX,-225,-1230
uni17BC.low,_LR,-245,-670
uni17BC.low,_LX,-225,-670
y,LL,924,-350
y,LU,763,1350
y,PB,529,-200
y,def,511,0
uni1EAA,LL,730,-110
uni1EAA,LU,730,2488
eight,LL,617,-101
eight,LU,617,1605
uni17CB,UA,-727,2042
uni17CB,UX,-225,2042
uni17CB,_UA,-715,1580
uni17CB,_UC,-735,1580
uni179817B6,LC_1,787,0
uni179817B6,LC_2,1535,0
uni179817B6,LR_1,1312,0
uni179817B6,LR_2,2062,0
uni179817B6,UC_1,787,1580
uni179817B6,UC_2,1535,1580
uni179817B6,UN_1,787,1580
uni179817B6,UN_2,1535,1580
uni179817B6,UR_1,1312,1580
uni179817B6,UR_2,2062,1580
uni179817B6,zxc1,1814,1236
ugrave,LL,700,-110
ugrave,LU,700,1798
ugrave,PB,519,0
ugrave,def,579,0
uni1798,LC,787,0
uni1798,LR,1312,0
uni1798,UC,787,1580
uni1798,UN,787,1580
uni1798,UR,1312,1580
uni17D217A6,LA,-835,-1226
uni17D217A6,LX,-225,-1226
uni17D217A6,_LC,-835,0
uni17D217A6,_LR,-245,0
uni17D217A6,_LX,-225,0
uni17D2178317B6.low,LC_1,-122,-1230
uni17D2178317B6.low,LC_2,787,0
uni17D2178317B6.low,LR_1,562,-1230
uni17D2178317B6.low,LR_2,1312,0
uni17D2178317B6.low,UC_1,123,1580
uni17D2178317B6.low,UC_2,787,1580
uni17D2178317B6.low,UN_1,-122,1580
uni17D2178317B6.low,UN_2,787,1580
uni17D2178317B6.low,UR_1,562,1580
uni17D2178317B6.low,UR_2,1312,1580
uni17D2178317B6.low,zxc1,1068,1236
uni1EB1,LL,620,-110
uni1EB1,LU,637,2011
uni1EB1,PB,550,0
uni1EB1,def,560,0
uni178D17B6,LC_1,1163,0
uni178D17B6,LC_2,2284,0
uni178D17B6,LR_1,2062,0
uni178D17B6,LR_2,2812,0
uni178D17B6,UC_1,1515,1580
uni178D17B6,UC_2,2284,1580
uni178D17B6,UN_1,1163,1580
uni178D17B6,UN_2,2284,1580
uni178D17B6,UR_1,2062,1580
uni178D17B6,UR_2,2812,1580
uni178D17B6,zxc1,2570,1236
uni1EC0,LL,841,-110
uni1EC0,LU,841,2176
uni17D217AD,LA,-688,-1110
uni17D217AD,LX,-265,-1110
uni17D217AD,_LC,-688,0
uni17D217AD,_LR,-245,0
uni17D217AD,_LX,-225,0
uni179017B6,LC_1,785,0
uni179017B6,LC_2,1533,0
uni179017B6,LR_1,1312,0
uni179017B6,LR_2,2062,0
uni179017B6,UC_1,785,1840
uni179017B6,UC_2,1533,1840
uni179017B6,UN_1,785,1840
uni179017B6,UN_2,1533,1840
uni179017B6,URD0,2062,1494
uni179017B6,UR_1,1312,1840
uni179017B6,UR_2,2062,1840
uni179017B6,zxc1,1814,1236
ntilde,LL,820,-110
ntilde,LU,860,1707
ntilde,PB,610,0
ntilde,def,670,0
uni17D2178D17C5.rightlow,LC_1,-221,-1265
uni17D2178D17C5.rightlow,LC_2,782,0
uni17D2178D17C5.rightlow,LR_1,562,-1265
uni17D2178D17C5.rightlow,LR_2,1312,0
uni17D2178D17C5.rightlow,UC_1,112,1580
uni17D2178D17C5.rightlow,UC_2,782,1580
uni17D2178D17C5.rightlow,UN_1,-221,1580
uni17D2178D17C5.rightlow,UN_2,782,1580
uni17D2178D17C5.rightlow,UR_1,562,1580
uni17D2178D17C5.rightlow,UR_2,1312,1580
otilde,LH,939,1010
otilde,LL,664,-110
otilde,LU,704,1707
otilde,PB,561,0
otilde,def,621,0
uni178717B6,LC_1,785,0
uni178717B6,LC_2,1537,0
uni178717B6,LR_1,1312,0
uni178717B6,LR_2,2062,0
uni178717B6,UC_1,785,1840
uni178717B6,UC_2,1537,1840
uni178717B6,UN_1,785,1840
uni178717B6,UN_2,1537,1840
uni178717B6,URD0,2062,1494
uni178717B6,UR_1,1312,1840
uni178717B6,UR_2,2062,1840
uni178717B6,zxc1,1831,1236
uni179417C5.right,LC_1,788,-125
uni179417C5.right,LC_2,1541,0
uni179417C5.right,LR_1,1312,-125
uni179417C5.right,LR_2,2062,0
uni179417C5.right,UC_1,788,1580
uni179417C5.right,UC_2,1541,1580
uni179417C5.right,UN_1,788,1580
uni179417C5.right,UN_2,1541,1580
uni179417C5.right,UR_1,1312,1580
uni179417C5.right,UR_2,2062,1580
uni17D217A0,LA,-766,-713
uni17D217A0,LX,-188,-713
uni17D217A0,_LC,-766,0
uni17D217A0,_LR,-245,0
uni17D217A0,_LX,-225,0
uni1EF8,LL,767,-110
uni1EF8,LU,890,2102
ae,LL,993,-110
ae,LU,993,1350
ae,PB,520,0
ae,def,530,0
uni179817C5.right,LC_1,787,0
uni179817C5.right,LC_2,1535,0
uni179817C5.right,LR_1,1312,0
uni179817C5.right,LR_2,2062,0
uni179817C5.right,UC_1,787,1580
uni179817C5.right,UC_2,1535,1580
uni179817C5.right,UN_1,787,1580
uni179817C5.right,UN_2,1535,1580
uni179817C5.right,UR_1,1312,1580
uni179817C5.right,UR_2,2062,1580
uni178117B6,LC_1,759,0
uni178117B6,LC_2,1458,0
uni178117B6,LR_1,1160,0
uni178117B6,LR_2,2008,0
uni178117B6,UC_1,759,1580
uni178117B6,UC_2,1458,1580
uni178117B6,UN_1,759,1580
uni178117B6,UN_2,1458,1580
uni178117B6,UR_1,1160,1580
uni178117B6,UR_2,2008,1580
uni178117B6,zxc1,1766,1236
uni01A0,LL,764,-110
uni01A0,LU,764,1775
zero,LL,619,-101
zero,LU,619,1605
uni1EA0,LL,728,-507
uni1EA0,LU,730,1745
uni179A17B6,LN_1,603,0
uni179A17B6,LN_2,821,0
uni179A17B6,LR_1,627,0
uni179A17B6,LR_2,1350,0
uni179A17B6,UC_1,456,1580
uni179A17B6,UC_2,821,1580
uni179A17B6,UR_1,600,1580
uni179A17B6,UR_2,1350,1580
uni179A17B6,zxc1,1110,1236
circumflexcomb,LU,-664,1781
circumflexcomb,_LU,-664,1350
uni1785,LC,785,0
uni1785,LR,1312,0
uni1785,UC,785,1580
uni1785,UN,785,1580
uni1785,UR,1312,1580
w,LL,965,-110
w,LU,965,1350
w,PB,570,0
w,def,552,0
idieresis,LL,421,-110
idieresis,LU,421,1804
idieresis,PB,52,0
idieresis,def,52,0
uni17C4,zxc1,2501,1236
Atilde,LL,730,-110
Atilde,LU,770,2102
b,LL,733,-110
b,LU,733,1880
b,PB,570,0
b,def,640,200
uni17D2178817B6.alt,LC_1,-365,-735
uni17D2178817B6.alt,LC_2,782,0
uni17D2178817B6.alt,LR_1,562,-735
uni17D2178817B6.alt,LR_2,1312,0
uni17D2178817B6.alt,UC_1,122,1580
uni17D2178817B6.alt,UC_2,782,1580
uni17D2178817B6.alt,UN_1,-365,1580
uni17D2178817B6.alt,UN_2,782,1580
uni17D2178817B6.alt,UR_1,562,1580
uni17D2178817B6.alt,UR_2,1312,1580
uni17D2178817B6.alt,zxc1,1068,1236
uni17D2179417C5.rightlow,LC_1,29,-1265
uni17D2179417C5.rightlow,LC_2,782,0
uni17D2179417C5.rightlow,LR_1,562,-1265
uni17D2179417C5.rightlow,LR_2,1312,0
uni17D2179417C5.rightlow,UC_1,112,1580
uni17D2179417C5.rightlow,UC_2,782,1580
uni17D2179417C5.rightlow,UN_1,29,1580
uni17D2179417C5.rightlow,UN_2,782,1580
uni17D2179417C5.rightlow,UR_1,562,1580
uni17D2179417C5.rightlow,UR_2,1312,1580
h,LL,650,-110
h,LU,650,1880
h,PB,478,0
h,def,538,200
six,LL,628,-101
six,LU,586,1605
uni179F17C5.right,LC_1,1161,0
uni179F17C5.right,LC_2,1991,0
uni179F17C5.right,LR_1,1762,0
uni179F17C5.right,LR_2,2512,0
uni179F17C5.right,UC_1,1294,1580
uni179F17C5.right,UC_2,1991,1580
uni179F17C5.right,UN_1,1161,1580
uni179F17C5.right,UN_2,1991,1580
uni179F17C5.right,UR_1,1762,1580
uni179F17C5.right,UR_2,2512,1580
uni1EBC,LL,841,-110
uni1EBC,LU,881,2102
ograve,LH,939,1010
ograve,LL,664,-110
ograve,LU,664,1798
ograve,PB,561,0
ograve,def,621,0
Zcaron,LL,685,-110
Zcaron,LU,685,2132
uni17B7.narrow,UA,-695,2117
uni17B7.narrow,UX,-225,2117
uni17B7.narrow,_UR,-245,1580
uni17B7.narrow,_UX,-225,1580
uni17A017B6,LC_1,1007,0
uni17A017B6,LC_2,1990,0
uni17A017B6,LR_1,1762,0
uni17A017B6,LR_2,2512,0
uni17A017B6,UC_1,1304,1580
uni17A017B6,UC_2,1990,1580
uni17A017B6,UN_1,1007,1580
uni17A017B6,UN_2,1990,1580
uni17A017B6,UR_1,1762,1580
uni17A017B6,UR_2,2512,1580
uni17A017B6,zxc1,2270,1236
uni1EDD,LL,664,-110
uni1EDD,LU,664,1798
uni1EDD,PB,0,0
uni1EDD,def,0,0
uni1EC3,LL,721,-110
uni1EC3,LU,684,2021
uni1EC3,PB,570,0
uni1EC3,def,610,0
uni17AF,LC,823,0
uni17AF,LR,1350,0
uni17AF,UC,823,1840
uni17AF,UN,823,1840
uni17AF,UR,1350,1840
uni17D21780,LA,-689,-713
uni17D21780,LX,-218,-713
uni17D21780,_LC,-689,0
uni17D21780,_LR,-245,0
uni17D21780,_LX,-225,0
uni1ED8,LL,762,-507
uni1ED8,LU,764,2206
uni17D2179417C5.right,LC_1,31,-735
uni17D2179417C5.right,LC_2,782,0
uni17D2179417C5.right,LR_1,562,-735
uni17D2179417C5.right,LR_2,1312,0
uni17D2179417C5.right,UC_1,31,1580
uni17D2179417C5.right,UC_2,782,1580
uni17D2179417C5.right,UN_1,31,1580
uni17D2179417C5.right,UN_2,782,1580
uni17D2179417C5.right,UR_1,562,1580
uni17D2179417C5.right,UR_2,1312,1580
uni17CD,UA,-695,2455
uni17CD,UX,-225,2455
uni17CD,_UA,-695,1580
uni17CD,_UC,-715,1580
uni17D2178317C5.right,LC_1,-128,-730
uni17D2178317C5.right,LC_2,780,0
uni17D2178317C5.right,LR_1,562,-730
uni17D2178317C5.right,LR_2,1312,0
uni17D2178317C5.right,UC_1,123,1580
uni17D2178317C5.right,UC_2,780,1580
uni17D2178317C5.right,UN_1,-128,1580
uni17D2178317C5.right,UN_2,780,1580
uni17D2178317C5.right,UR_1,562,1580
uni17D2178317C5.right,UR_2,1312,1580
uni17D21790.low,LA,-730,-1219
uni17D21790.low,LX,-209,-1219
uni17D21790.low,_LC,-730,-670
uni17D21790.low,_LR,-245,-670
uni17D21790.low,_LX,-225,-670
uni1EB9,LL,719,-507
uni1EB9,LU,684,1350
uni1EB9,PB,570,0
uni1EB9,def,610,0
x,LL,665,-110
x,LU,792,1350
x,PB,564,0
x,def,546,0
zcaron,LL,628,-110
zcaron,LU,628,1737
zcaron,PB,567,0
zcaron,def,549,0
acutecomb,LU,-664,1798
acutecomb,_LU,-664,1350
Ntilde,LL,829,-110
Ntilde,LU,869,2102
uni179017C5.right,LC_1,785,0
uni179017C5.right,LC_2,1533,0
uni179017C5.right,LR_1,1312,0
uni179017C5.right,LR_2,2062,0
uni179017C5.right,UC_1,785,1840
uni179017C5.right,UC_2,1533,1840
uni179017C5.right,UN_1,785,1840
uni179017C5.right,UN_2,1533,1840
uni179017C5.right,URD0,2062,1494
uni179017C5.right,UR_1,1312,1840
uni179017C5.right,UR_2,2062,1840
uni17A117C5.right,LC_1,1027,-722
uni17A117C5.right,LC_2,1990,0
uni17A117C5.right,LR_1,1760,-722
uni17A117C5.right,LR_2,2512,0
uni17A117C5.right,UC_1,1235,1580
uni17A117C5.right,UC_2,1990,1580
uni17A117C5.right,UN_1,1027,1580
uni17A117C5.right,UN_2,1990,1580
uni17A117C5.right,UR_1,1760,1580
uni17A117C5.right,UR_2,2512,1580
D,LL,822,-110
D,LU,822,1745
ucircumflex,LL,700,-110
ucircumflex,LU,700,1781
ucircumflex,PB,519,0
ucircumflex,def,579,0
uni17A5,LC,787,0
uni17A5,LR,1312,0
uni17A5,UC,788,1840
uni17A5,UN,787,1840
uni17A5,UR,1312,1840
uni17D2178F.low,LA,-658,-1238
uni17D2178F.low,LX,-188,-1238
uni17D2178F.low,_LC,-658,-670
uni17D2178F.low,_LR,-245,-670
uni17D2178F.low,_LX,-225,-670
uni17D217AB,LA,-662,-1097
uni17D217AB,LX,-225,-1097
uni17D217AB,_LC,-662,0
uni17D217AB,_LR,-245,0
uni17D217AB,_LX,-225,0
uni179217B6,LC_1,787,0
uni179217B6,LC_2,1538,0
uni179217B6,LR_1,1312,0
uni179217B6,LR_2,2061,0
uni179217B6,UC_1,785,1580
uni179217B6,UC_2,1538,1580
uni179217B6,UN_1,787,1580
uni179217B6,UN_2,1538,1580
uni179217B6,UR_1,1312,1580
uni179217B6,UR_2,2061,1580
uni179217B6,zxc1,1818,1236
uni17D21788.low,LC,-126,-1235
uni17D21788.low,LR,562,-1235
uni17D21788.low,UC,35,1580
uni17D21788.low,UN,388,1580
uni17D21788.low,UR,562,1580
uni17D2179917B6,LC_1,31,-635
uni17D2179917B6,LC_2,782,0
uni17D2179917B6,LR_1,562,-635
uni17D2179917B6,LR_2,1312,0
uni17D2179917B6,UC_1,31,1580
uni17D2179917B6,UC_2,782,1580
uni17D2179917B6,UN_1,31,1580
uni17D2179917B6,UN_2,782,1580
uni17D2179917B6,UR_1,562,1580
uni17D2179917B6,UR_2,1312,1580
uni17D2179917B6,zxc1,1068,1236
uni179717B6,LC_1,823,0
uni179717B6,LC_2,1570,0
uni179717B6,LR_1,1350,0
uni179717B6,LR_2,2100,0
uni179717B6,UC_1,823,1580
uni179717B6,UC_2,1570,1580
uni179717B6,UN_1,823,1580
uni179717B6,UN_2,1570,1580
uni179717B6,UR_1,1350,1580
uni179717B6,UR_2,2100,1580
uni179717B6,zxc1,1863,1236
uni17B0,LC,787,-713
uni17B0,LR,1312,-713
uni17B0,UC,785,1580
uni17B0,UN,787,1580
uni17B0,UR,1312,1580
uni1EAF,LL,620,-110
uni1EAF,LU,637,2011
uni1EAF,PB,550,0
uni1EAF,def,560,0
uni1EF9,LL,924,-350
uni1EF9,LU,803,1707
uni1EF9,PB,529,-200
uni1EF9,def,511,0
uni1791,LC,734,0
uni1791,LR,1169,0
uni1791,UC,734,1580
uni1791,UN,734,1580
uni1791,UR,1169,1580
uni1EC9,LL,421,-110
uni1EC9,LU,437,1834
uni1EC9,PA,1042,0
uni1EC9,PB,52,0
uni1EC9,_PA,1042,-10
uni1EC9,_def,1042,18
uni1EC9,def,52,0
uni01B00306,LL,700,-110
uni01B00306,LU,700,1701
uni01B00306,PA,1280,200
uni01B00306,PB,0,0
uni01B00306,_PA,1280,0
uni01B00306,_def,1280,18
uni01B00306,def,0,0
v,LL,687,-110
v,LU,687,1350
v,PB,576,0
v,def,558,0
uni1EC1,LL,721,-110
uni1EC1,LU,684,1781
uni1EC1,PB,570,0
uni1EC1,def,610,0
uni178A17B6,LC_1,787,0
uni178A17B6,LC_2,1362,0
uni178A17B6,LR_1,1255,0
uni178A17B6,LR_2,2005,0
uni178A17B6,UC_1,785,1840
uni178A17B6,UC_2,1532,1580
uni178A17B6,UN_1,787,1840
uni178A17B6,UN_2,1362,1580
uni178A17B6,URD0,2005,1494
uni178A17B6,UR_1,1255,1840
uni178A17B6,UR_2,2005,1840
uni178A17B6,zxc1,1824,1236
uni17D2179A,LC,702,-598
uni17D2179A,LR,505,-598
uni17D2179A,UC,35,1580
uni17D2179A,UN,702,1580
uni17D2179A,UR,505,1580
aacute,LL,620,-110
aacute,LU,637,1798
aacute,PB,550,0
aacute,def,560,0
ecircumflex,LL,721,-110
ecircumflex,LU,684,1781
ecircumflex,PB,570,0
ecircumflex,def,610,0
uni178F17C5.right,LC_1,784,0
uni178F17C5.right,LC_2,1539,0
uni178F17C5.right,LR_1,1312,0
uni178F17C5.right,LR_2,2062,0
uni178F17C5.right,UC_1,785,1580
uni178F17C5.right,UC_2,1539,1580
uni178F17C5.right,UN_1,784,1580
uni178F17C5.right,UN_2,1539,1580
uni178F17C5.right,UR_1,1312,1580
uni178F17C5.right,UR_2,2062,1580
uni17D2179B,LA,-658,-670
uni17D2179B,LX,-225,-670
uni17D2179B,_LC,-658,0
uni17D2179B,_LR,-245,0
uni17D2179B,_LX,-225,0
uni17D217AF,LA,-658,-909
uni17D217AF,LX,-225,-909
uni17D217AF,_LC,-658,0
uni17D217AF,_LR,-245,0
uni17D217AF,_LX,-225,0
l,LL,394,-110
l,LU,394,1880
l,PB,510,0
l,def,430,200
uni17D21791,LA,-665,-670
uni17D21791,LX,-225,-670
uni17D21791,_LC,-665,0
uni17D21791,_LR,-245,0
uni17D21791,_LX,-225,0
uni17D21788.low.alt,LC,-126,-1235
uni17D21788.low.alt,LR,562,-1235
uni17D21788.low.alt,UC,35,1580
uni17D21788.low.alt,UN,388,1580
uni17D21788.low.alt,UR,562,1580
uni1EC6,LL,839,-507
uni1EC6,LU,841,2176
V,LL,814,-110
V,LU,890,1745
uni178617C5.right,LC_1,806,0
uni178617C5.right,LC_2,1576,0
uni178617C5.right,LR_1,1349,0
uni178617C5.right,LR_2,2100,0
uni178617C5.right,UC_1,823,1580
uni178617C5.right,UC_2,1576,1580
uni178617C5.right,UN_1,806,1580
uni178617C5.right,UN_2,1576,1580
uni178617C5.right,UR_1,1349,1580
uni178617C5.right,UR_2,2100,1580
uacute,LL,700,-110
uacute,LU,700,1798
uacute,PB,519,0
uacute,def,579,0
uni17B8,UA,-695,2283
uni17B8,UX,-225,2283
uni17B8,_UR,-245,1580
uni17B8,_UX,-225,1580
_R.ear,_zxc1,226,1236
uni17D2179417B6,LC_1,31,-735
uni17D2179417B6,LC_2,782,0
uni17D2179417B6,LR_1,562,-735
uni17D2179417B6,LR_2,1312,0
uni17D2179417B6,UC_1,31,1580
uni17D2179417B6,UC_2,782,1580
uni17D2179417B6,UN_1,31,1580
uni17D2179417B6,UN_2,782,1580
uni17D2179417B6,UR_1,562,1580
uni17D2179417B6,UR_2,1312,1580
uni17D2179417B6,zxc1,1068,1236
uni1EB0,LL,730,-110
uni1EB0,LU,730,2406
uni1EE3,LL,662,-507
uni1EE3,LU,664,1350
uni1EE3,PB,0,0
uni1EE3,def,0,0
uni1EDB,LL,664,-110
uni1EDB,LU,664,1798
uni1EDB,PB,0,0
uni1EDB,def,0,0
uni17BA,UA,-716,2331
uni17BA,UX,-225,2345
uni17BA,_UR,-245,1580
uni17BA,_UX,-225,1580
ordfeminine,PB,319,950
ordfeminine,def,325,950
uni179417B6,LC_1,788,-125
uni179417B6,LC_2,1541,0
uni179417B6,LR_1,1312,-125
uni179417B6,LR_2,2062,0
uni179417B6,UC_1,788,1580
uni179417B6,UC_2,1541,1580
uni179417B6,UN_1,788,1580
uni179417B6,UN_2,1541,1580
uni179417B6,UR_1,1312,1580
uni179417B6,UR_2,2062,1580
uni179417B6,zxc1,1824,1236
egrave,LL,721,-110
egrave,LU,684,1798
egrave,PB,570,0
egrave,def,610,0
uni179F,LC,1019,0
uni179F,LR,1762,0
uni179F,UC,1314,1580
uni179F,UN,1019,1580
uni179F,UR,1762,1580
uni1EA2,LL,730,-110
uni1EA2,LU,746,2229
uni1EA2,PA,1351,395
uni1EA2,_PA,1351,385
uni1EA2,_def,1351,413
e,LL,721,-110
e,LU,684,1350
e,PB,570,0
e,def,610,0
uni1792,LC,787,0
uni1792,LR,1255,0
uni1792,UC,785,1580
uni1792,UN,787,1580
uni1792,UR,1255,1580
uni1EE7,LL,700,-110
uni1EE7,LU,716,1834
uni1EE7,PA,1321,0
uni1EE7,PB,519,0
uni1EE7,_PA,1321,-10
uni1EE7,_def,1321,18
uni1EE7,def,579,0
uni17D217A2.low,LA,-639,-1240
uni17D217A2.low,LX,-183,-1240
uni17D217A2.low,_LC,-639,-670
uni17D217A2.low,_LR,-245,-670
uni17D217A2.low,_LX,-225,-670
uni178917B6.alt,LC_1,1161,0
uni178917B6.alt,LC_2,2175,0
uni178917B6.alt,LR_1,1949,0
uni178917B6.alt,LR_2,2700,0
uni178917B6.alt,UC_1,1477,1580
uni178917B6.alt,UC_2,2175,1580
uni178917B6.alt,UN_1,1161,1580
uni178917B6.alt,UN_2,2175,1580
uni178917B6.alt,UR_1,1948,1580
uni178917B6.alt,UR_2,2700,1580
uni178917B6.alt,zxc1,2458,1236
M,LL,990,-110
M,LU,1010,1745
uni1ED4,LL,764,-110
uni1ED4,LU,764,2446
uni179C17B6,LN_1,455,0
uni179C17B6,LN_2,822,0
uni179C17B6,LR_1,601,0
uni179C17B6,LR_2,1351,0
uni179C17B6,UC_1,455,1840
uni179C17B6,UC_2,822,1840
uni179C17B6,URD0,1351,1494
uni179C17B6,UR_1,601,1840
uni179C17B6,UR_2,1351,1840
uni179C17B6,zxc1,1118,1236
uni179D,LC,785,0
uni179D,LR,1312,0
uni179D,UC,785,1580
uni179D,UN,785,1580
uni179D,UR,1312,1580
uni179D17C5.right,LC_1,785,0
uni179D17C5.right,LC_2,1542,0
uni179D17C5.right,LR_1,1312,0
uni179D17C5.right,LR_2,2062,0
uni179D17C5.right,UC_1,785,1580
uni179D17C5.right,UC_2,1542,1580
uni179D17C5.right,UN_1,785,1580
uni179D17C5.right,UN_2,1542,1580
uni179D17C5.right,UR_1,1312,1580
uni179D17C5.right,UR_2,2062,1580
uni1789.alt,LC,1163,0
uni1789.alt,LR,1950,0
uni1789.alt,UC,1480,1580
uni1789.alt,UN,1163,1580
uni1789.alt,UR,1950,1580
_2,L,1275,0
_2,U,1275,1440
_2,lm,750,0
_2,um,740,1440
uni17D2178D17B6.low,LC_1,-221,-1265
uni17D2178D17B6.low,LC_2,782,0
uni17D2178D17B6.low,LR_1,562,-1265
uni17D2178D17B6.low,LR_2,1312,0
uni17D2178D17B6.low,UC_1,112,1580
uni17D2178D17B6.low,UC_2,782,1580
uni17D2178D17B6.low,UN_1,-221,1580
uni17D2178D17B6.low,UN_2,782,1580
uni17D2178D17B6.low,UR_1,562,1580
uni17D2178D17B6.low,UR_2,1312,1580
uni17D2178D17B6.low,zxc1,1068,1236
uni1EB8,LL,839,-507
uni1EB8,LU,841,1745
uni1EE6,LL,916,-110
uni1EE6,LU,952,2229
uni1EE6,PA,1557,395
uni1EE6,_PA,1557,385
uni1EE6,_def,1557,413
uni178517B6,LC_1,785,0
uni178517B6,LC_2,1533,0
uni178517B6,LR_1,1312,0
uni178517B6,LR_2,2062,0
uni178517B6,UC_1,785,1580
uni178517B6,UC_2,1533,1580
uni178517B6,UN_1,785,1580
uni178517B6,UN_2,1533,1580
uni178517B6,UR_1,1312,1580
uni178517B6,UR_2,2062,1580
uni178517B6,zxc1,1814,1236
d,LL,618,-110
d,LU,618,1880
d,PB,520,0
d,def,560,200
uni179117B6,LC_1,734,0
uni179117B6,LC_2,1342,0
uni179117B6,LR_1,1135,0
uni179117B6,LR_2,1962,0
uni179117B6,UC_1,734,1580
uni179117B6,UC_2,1342,1580
uni179117B6,UN_1,734,1580
uni179117B6,UN_2,1342,1580
uni179117B6,UR_1,1135,1580
uni179117B6,UR_2,1962,1580
uni179117B6,zxc1,1720,1236
uni17D2178D,LC,-193,-715
uni17D2178D,LR,505,-715
uni17D2178D,UC,35,1580
uni17D2178D,UN,388,1580
uni17D2178D,UR,505,1580
uni179117C5.right,LC_1,734,0
uni179117C5.right,LC_2,1342,0
uni179117C5.right,LR_1,1135,0
uni179117C5.right,LR_2,1962,0
uni179117C5.right,UC_1,734,1580
uni179117C5.right,UC_2,1342,1580
uni179117C5.right,UN_1,734,1580
uni179117C5.right,UN_2,1342,1580
uni179117C5.right,UR_1,1135,1580
uni179117C5.right,UR_2,1962,1580
uni17D21781.low,LA,-653,-1220
uni17D21781.low,LX,-225,-1220
uni17D21781.low,_LC,-653,-670
uni17D21781.low,_LR,-245,-670
uni17D21781.low,_LX,-225,-670
uni17B2,LC,862,0
uni17B2,LR,1345,0
uni17B2,UC,862,1580
uni17B2,UN,862,1580
uni17B2,UR,1345,1580
uni17D21782,LA,-689,-710
uni17D21782,LX,-255,-710
uni17D21782,_LC,-689,0
uni17D21782,_LR,-245,0
uni17D21782,_LX,-225,0
Ygrave,LL,767,-110
Ygrave,LU,850,2193
uni179E17C5.right.alt,LC_1,793,0
uni179E17C5.right.alt,LC_2,1534,0
uni179E17C5.right.alt,LR_1,1312,0
uni179E17C5.right.alt,LR_2,2062,0
uni179E17C5.right.alt,UC_1,793,1580
uni179E17C5.right.alt,UC_2,1534,1580
uni179E17C5.right.alt,UN_1,793,1580
uni179E17C5.right.alt,UN_2,1534,1580
uni179E17C5.right.alt,UR_1,1312,1580
uni179E17C5.right.alt,UR_2,2062,1580
scaron,LL,607,-110
scaron,LU,607,1737
scaron,PB,520,0
scaron,def,520,0
uni1788,LC,1315,0
uni1788,LR,2437,0
uni1788,UC,1959,1580
uni1788,UN,1315,1580
uni1788,UR,2437,1580
uni17D21783.low.alt,LC,-126,-1235
uni17D21783.low.alt,LR,562,-1235
uni17D21783.low.alt,UC,35,1580
uni17D21783.low.alt,UN,388,1580
uni17D21783.low.alt,UR,562,1580
Ograve,LL,764,-110
Ograve,LU,764,2223
n,LL,820,-110
n,LU,820,1350
n,PB,610,0
n,def,670,0
uni1EE2,LL,762,-507
uni1EE2,LU,764,1775
uni17C6,UA,-695,2110
uni17C6,UX,-225,2110
uni17C6,_UA,-695,1580
uni17C6,_UC,-715,1580
uni17D2179E17B6,LC_1,31,-735
uni17D2179E17B6,LC_2,782,0
uni17D2179E17B6,LR_1,562,-735
uni17D2179E17B6,LR_2,1312,0
uni17D2179E17B6,UC_1,31,1580
uni17D2179E17B6,UC_2,782,1580
uni17D2179E17B6,UN_1,31,1580
uni17D2179E17B6,UN_2,782,1580
uni17D2179E17B6,UR_1,562,1580
uni17D2179E17B6,UR_2,1312,1580
uni17D2179E17B6,zxc1,1068,1236
uni17A2,LC,781,0
uni17A2,LR,1275,0
uni17A2,UC,781,1580
uni17A2,UN,781,1580
uni17A2,UR,1275,1580
uni178717C5.right,LC_1,785,0
uni178717C5.right,LC_2,1537,0
uni178717C5.right,LR_1,1312,0
uni178717C5.right,LR_2,2062,0
uni178717C5.right,UC_1,785,1840
uni178717C5.right,UC_2,1537,1840
uni178717C5.right,UN_1,785,1840
uni178717C5.right,UN_2,1537,1840
uni178717C5.right,URD0,2062,1494
uni178717C5.right,UR_1,1312,1840
uni178717C5.right,UR_2,2062,1840
uni178017C5.right.alt,LC_1,1022,0
uni178017C5.right.alt,LC_2,1980,0
uni178017C5.right.alt,LR_1,1762,0
uni178017C5.right.alt,LR_2,2511,0
uni178017C5.right.alt,UC_1,1311,1580
uni178017C5.right.alt,UC_2,1980,1580
uni178017C5.right.alt,UN_1,1022,1580
uni178017C5.right.alt,UN_2,1980,1580
uni178017C5.right.alt,UR_1,1762,1580
uni178017C5.right.alt,UR_2,2511,1580
uni17D2178317C5.rightlow.alt,LC_1,-122,-1230
uni17D2178317C5.rightlow.alt,LC_2,787,0
uni17D2178317C5.rightlow.alt,LR_1,562,-1230
uni17D2178317C5.rightlow.alt,LR_2,1312,0
uni17D2178317C5.rightlow.alt,UC_1,123,1580
uni17D2178317C5.rightlow.alt,UC_2,787,1580
uni17D2178317C5.rightlow.alt,UN_1,-122,1580
uni17D2178317C5.rightlow.alt,UN_2,787,1580
uni17D2178317C5.rightlow.alt,UR_1,562,1580
uni17D2178317C5.rightlow.alt,UR_2,1312,1580
uni1ED0,LL,764,-110
uni1ED0,LU,764,2206
u,LL,700,-110
u,LU,700,1350
u,PB,519,0
u,def,579,0
uni17D217B0,LA,-661,-1226
uni17D217B0,LX,-265,-1226
uni17D217B0,_LC,-661,0
uni17D217B0,_LR,-245,0
uni17D217B0,_LX,-225,0
Edieresis,LL,841,-110
Edieresis,LU,841,2199
uni17D21783.alt,LC,-135,-707
uni17D21783.alt,LR,562,-707
uni17D21783.alt,UC,75,1580
uni17D21783.alt,UN,388,1580
uni17D21783.alt,UR,562,1580
q,LL,618,-690
q,LU,618,1350
q,PB,520,-200
q,def,560,0
uni17B8.narrow,UA,-695,2250
uni17B8.narrow,UX,-225,2250
uni17B8.narrow,_UR,-245,1580
uni17B8.narrow,_UX,-225,1580
uni179C17C5.right,LN_1,455,0
uni179C17C5.right,LN_2,822,0
uni179C17C5.right,LR_1,601,0
uni179C17C5.right,LR_2,1351,0
uni179C17C5.right,UC_1,455,1840
uni179C17C5.right,UC_2,822,1840
uni179C17C5.right,URD0,1351,1494
uni179C17C5.right,UR_1,601,1840
uni179C17C5.right,UR_2,1351,1840
uni1EE1,LL,664,-110
uni1EE1,LU,704,1707
uni1EE1,PB,0,0
uni1EE1,def,0,0
uni1EE9,LL,700,-110
uni1EE9,LU,700,1798
uni1EE9,PB,0,0
uni1EE9,def,0,0
uni17D2178E.low,LA,-1059,-1225
uni17D2178E.low,LX,-188,-1225
uni17D2178E.low,_LC,-1059,-670
uni17D2178E.low,_LR,-245,-670
uni17D2178E.low,_LX,-225,-670
uni17CC.alt,UA,-591,2318
uni17CC.alt,UX,-121,2318
uni17CC.alt,_UR,-245,1580
uni17CC.alt,_UX,-225,1580
uni1EED,LL,700,-110
uni1EED,LU,716,1834
uni1EED,PA,1321,0
uni1EED,PB,0,0
uni1EED,_PA,1321,-10
uni1EED,_def,1321,18
uni1EED,def,0,0
ygrave,LL,924,-350
ygrave,LU,763,1798
ygrave,PB,529,-200
ygrave,def,511,0
R,LL,797,-110
R,LU,797,1745
uni17A217B6,LC_1,781,0
uni17A217B6,LC_2,1495,0
uni17A217B6,LR_1,1275,0
uni17A217B6,LR_2,2025,0
uni17A217B6,UC_1,781,1580
uni17A217B6,UC_2,1495,1580
uni17A217B6,UN_1,781,1580
uni17A217B6,UN_2,1495,1580
uni17A217B6,UR_1,1275,1580
uni17A217B6,UR_2,2025,1580
uni17A217B6,zxc1,1779,1236
uni1EB7,LL,618,-507
uni1EB7,LU,637,1701
uni1EB7,PA,1217,200
uni1EB7,PB,550,0
uni1EB7,_PA,1217,0
uni1EB7,_def,1217,18
uni1EB7,def,560,0
uni1799,LC,1157,0
uni1799,LR,1987,0
uni1799,UC,1509,1580
uni1799,UN,1157,1580
uni1799,UR,1987,1580
uni178B17C5.right,LC_1,823,0
uni178B17C5.right,LC_2,1570,0
uni178B17C5.right,LR_1,1350,0
uni178B17C5.right,LR_2,2100,0
uni178B17C5.right,UC_1,823,1840
uni178B17C5.right,UC_2,1570,1840
uni178B17C5.right,UN_1,823,1840
uni178B17C5.right,UN_2,1570,1840
uni178B17C5.right,URD0,2100,1494
uni178B17C5.right,UR_1,1350,1840
uni178B17C5.right,UR_2,2100,1840
uni17D21784,LA,-658,-670
uni17D21784,LX,-225,-670
uni17D21784,_LC,-658,0
uni17D21784,_LR,-245,0
uni17D21784,_LX,-225,0
acircumflex,LL,620,-110
acircumflex,LU,637,1781
acircumflex,PB,550,0
acircumflex,def,560,0
uni17D2178317B6.alt,LC_1,-128,-730
uni17D2178317B6.alt,LC_2,780,0
uni17D2178317B6.alt,LR_1,562,-730
uni17D2178317B6.alt,LR_2,1312,0
uni17D2178317B6.alt,UC_1,123,1580
uni17D2178317B6.alt,UC_2,780,1580
uni17D2178317B6.alt,UN_1,-128,1580
uni17D2178317B6.alt,UN_2,780,1580
uni17D2178317B6.alt,UR_1,562,1580
uni17D2178317B6.alt,UR_2,1312,1580
uni17D2178317B6.alt,zxc1,1068,1236
_uni03020306,LU,-664,2081
_uni03020306,PA,0,553
_uni03020306,_LU,-664,1350
_uni03020306,_PA,0,353
_uni03020306,_def,0,352
uni1ED7,LH,939,1010
uni1ED7,LL,664,-110
uni1ED7,LU,664,2093
uni1ED7,PB,561,0
uni1ED7,def,621,0
K,LL,809,-110
K,LU,769,1745
oslash,LL,624,-110
oslash,LU,624,1350
oslash,PB,520,0
oslash,def,580,0
uni17D217AE,LA,-623,-1151
uni17D217AE,LX,-254,-1151
uni17D217AE,_LC,-623,0
uni17D217AE,_LR,-245,0
uni17D217AE,_LX,-225,0
three,LL,569,-101
three,LU,569,1605
uni178D,LC,1167,0
uni178D,LR,2061,0
uni178D,UC,1475,1580
uni178D,UN,1167,1580
uni178D,UR,2061,1580
uni1EF6,LL,767,-110
uni1EF6,LU,866,2229
uni1EF6,PA,1471,395
uni1EF6,_PA,1471,385
uni1EF6,_def,1471,413
uni17D2178B,LA,-673,-670
uni17D2178B,LX,-225,-670
uni17D2178B,_LC,-673,0
uni17D2178B,_LR,-245,0
uni17D2178B,_LX,-225,0
Adieresis,LL,730,-110
Adieresis,LU,730,2199
uni1780.alt,LC,1012,0
uni1780.alt,LR,1763,0
uni1780.alt,UC,1315,1580
uni1780.alt,UN,1012,1580
uni1780.alt,UR,1763,1580
uni17AA,LC,745,-230
uni17AA,LR,1270,-230
uni17AA,UC,745,2150
uni17AA,UN,745,2150
uni17AA,UR,1270,2150
uni17C6.x,UA,-695,2540
uni17C6.x,UX,-225,2540
uni17C6.x,_UA,-695,1580
uni17C6.x,_UC,-715,1580
uni179517C5.right,LC_1,785,0
uni179517C5.right,LC_2,1540,0
uni179517C5.right,LR_1,1312,0
uni179517C5.right,LR_2,2062,0
uni179517C5.right,UC_1,785,1840
uni179517C5.right,UC_2,1540,1840
uni179517C5.right,UN_1,785,1840
uni179517C5.right,UN_2,1540,1840
uni179517C5.right,URD0,2062,1494
uni179517C5.right,UR_1,1312,1840
uni179517C5.right,UR_2,2062,1840
uni17D2178817C5.right,LC_1,-365,-735
uni17D2178817C5.right,LC_2,782,0
uni17D2178817C5.right,LR_1,562,-735
uni17D2178817C5.right,LR_2,1312,0
uni17D2178817C5.right,UC_1,122,1580
uni17D2178817C5.right,UC_2,782,1580
uni17D2178817C5.right,UN_1,-365,1580
uni17D2178817C5.right,UN_2,782,1580
uni17D2178817C5.right,UR_1,562,1580
uni17D2178817C5.right,UR_2,1312,1580
uni17D217A9,LA,-859,-710
uni17D217A9,LX,-225,-710
uni17D217A9,_LC,-859,0
uni17D217A9,_LR,-245,0
uni17D217A9,_LX,-225,0
uni1ECC,LL,762,-507
uni1ECC,LU,764,1775
uni179B17B6,LC_1,1158,0
uni179B17B6,LC_2,1982,0
uni179B17B6,LR_1,1762,0
uni179B17B6,LR_2,2512,0
uni179B17B6,UC_1,1303,1580
uni179B17B6,UC_2,1982,1580
uni179B17B6,UN_1,1158,1580
uni179B17B6,UN_2,1982,1580
uni179B17B6,UR_1,1762,1580
uni179B17B6,UR_2,2512,1580
uni179B17B6,zxc1,2272,1236
uni178A17C5.right,LC_1,787,0
uni178A17C5.right,LC_2,1362,0
uni178A17C5.right,LR_1,1255,0
uni178A17C5.right,LR_2,2005,0
uni178A17C5.right,UC_1,785,1840
uni178A17C5.right,UC_2,1532,1580
uni178A17C5.right,UN_1,787,1840
uni178A17C5.right,UN_2,1362,1580
uni178A17C5.right,URD0,2005,1494
uni178A17C5.right,UR_1,1255,1840
uni178A17C5.right,UR_2,2005,1840
Otilde,LL,764,-110
Otilde,LU,804,2132
uni0129,LL,421,-110
uni0129,LU,461,1707
uni0129,PB,52,0
uni0129,def,52,0
r,LL,721,-110
r,LU,721,1350
r,PB,600,0
r,def,560,0
uni0102,LL,730,-110
uni0102,LU,730,2096
uni0102,PA,1310,595
uni0102,_PA,1310,395
uni0102,_def,1310,413
uni178E,LN,1312,0
uni178E,LR,2362,0
uni178E,UC,1907,1580
uni178E,UR,2362,1580
uni17D21796,LA,-658,-700
uni17D21796,LX,-225,-700
uni17D21796,_LC,-658,0
uni17D21796,_LR,-245,0
uni17D21796,_LX,-225,0
uni1ED1,LH,939,1010
uni1ED1,LL,664,-110
uni1ED1,LU,664,1781
uni1ED1,PB,561,0
uni1ED1,def,621,0
uni17D2179A.low,LC,702,-1225
uni17D2179A.low,LR,505,-1225
uni17D2179A.low,UC,35,1580
uni17D2179A.low,UN,702,1580
uni17D2179A.low,UR,505,1580
one,LL,644,-101
one,LU,644,1605
two,LL,577,-101
two,LU,577,1605
uni17BB.low.narrow,LA,-406,-670
uni17BB.low.narrow,LX,-225,-1340
uni17BB.low.narrow,_LR,-245,-670
uni17BB.low.narrow,_LX,-225,-670
W,LL,1256,-110
W,LU,1223,1745
uni179E,LC,785,0
uni179E,LR,1312,0
uni179E,UC,785,1580
uni179E,UN,785,1580
uni179E,UR,1312,1580
uni179A,LN,330,0
uni179A,LR,600,0
uni179A,UC,451,1580
uni179A,UR,766,1580
uni1794,LC,788,0
uni1794,LR,1312,0
uni1794,UC,785,1580
uni1794,UN,788,1580
uni1794,UR,1312,1580
uni179617B6,LC_1,787,0
uni179617B6,LC_2,1539,0
uni179617B6,LR_1,1312,0
uni179617B6,LR_2,2062,0
uni179617B6,UC_1,785,1580
uni179617B6,UC_2,1539,1580
uni179617B6,UN_1,787,1580
uni179617B6,UN_2,1539,1580
uni179617B6,UR_1,1312,1580
uni179617B6,UR_2,2062,1580
uni179617B6,zxc1,1820,1236
ccedilla,LL,689,-490
ccedilla,LU,656,1350
ccedilla,PB,550,0
ccedilla,def,590,0
k,LL,710,-110
k,LU,710,1880
k,PB,570,0
k,def,650,200
s,LL,607,-110
s,LU,607,1350
s,PB,520,0
s,def,520,0
uni1EC2,LL,841,-110
uni1EC2,LU,841,2416
uni17B9,UA,-715,2147
uni17B9,UX,-225,2147
uni17B9,_UR,-245,1580
uni17B9,_UX,-225,1580
C,LH,853,30
C,LL,805,-110
C,LU,805,1745
uni179B17C5.right,LC_1,1158,0
uni179B17C5.right,LC_2,1982,0
uni179B17C5.right,LR_1,1762,0
uni179B17C5.right,LR_2,2512,0
uni179B17C5.right,UC_1,1303,1580
uni179B17C5.right,UC_2,1982,1580
uni179B17C5.right,UN_1,1158,1580
uni179B17C5.right,UN_2,1982,1580
uni179B17C5.right,UR_1,1762,1580
uni179B17C5.right,UR_2,2512,1580
uni1EEC,LL,916,-110
uni1EEC,LU,952,2229
uni1EEC,PA,1557,395
uni1EEC,_PA,1557,385
uni1EEC,_def,1557,413
dotlessi,LL,421,-110
dotlessi,LU,421,1350
dotlessi,PB,52,0
dotlessi,def,52,0
T,LL,675,-110
T,LU,675,1745
uni1EBF,LL,721,-110
uni1EBF,LU,684,1781
uni1EBF,PB,570,0
uni1EBF,def,610,0
uni17B9.narrow,UA,-695,2154
uni17B9.narrow,UX,-225,2154
uni17B9.narrow,_UR,-245,1580
uni17B9.narrow,_UX,-225,1580
uni1790,LC,785,0
uni1790,LR,1312,0
uni1790,UC,785,1840
uni1790,UN,785,1840
uni1790,UR,1312,1840
uni1795,LC,785,0
uni1795,LR,1312,0
uni1795,UC,785,1840
uni1795,UN,785,1840
uni1795,UR,1312,1840
uni1ECB,LL,413,-507
uni1ECB,LU,415,1819
uni1ECB,PB,513,0
uni1ECB,def,453,200
uni17D21782.low,LA,-694,-1238
uni17D21782.low,LX,-260,-1238
uni17D21782.low,_LC,-694,-670
uni17D21782.low,_LR,-245,-670
uni17D21782.low,_LX,-225,-670
uni17D2178A.low,LA,-659,-1340
uni17D2178A.low,LX,-225,-1340
uni17D2178A.low,_LC,-659,-670
uni17D2178A.low,_LR,-245,-670
uni17D2178A.low,_LX,-225,-670
o,LH,939,1010
o,LL,664,-110
o,LU,664,1350
o,PB,561,0
o,def,621,0
fi,LL,1291,-110
fi,LU,1291,1819
fi,PB,1389,0
fi,def,1329,200
uni17D21793.low,LA,-712,-1300
uni17D21793.low,LX,-225,-1300
uni17D21793.low,_LC,-712,-670
uni17D21793.low,_LR,-245,-670
uni17D21793.low,_LX,-225,-670
uni0309,LU,-648,1834
uni0309,PA,-43,0
uni0309,_LU,-664,1350
uni0309,_PA,-43,-10
uni0309,_def,-43,18
uni01AF,LL,916,-110
uni01AF,LU,936,1745
uni1ED9,LH,939,1010
uni1ED9,LL,662,-507
uni1ED9,LU,664,1781
uni1ED9,PB,561,0
uni1ED9,def,621,0
uni178117C5.right,LC_1,759,0
uni178117C5.right,LC_2,1458,0
uni178117C5.right,LR_1,1160,0
uni178117C5.right,LR_2,2008,0
uni178117C5.right,UC_1,759,1580
uni178117C5.right,UC_2,1458,1580
uni178117C5.right,UN_1,759,1580
uni178117C5.right,UN_2,1458,1580
uni178117C5.right,UR_1,1160,1580
uni178117C5.right,UR_2,2008,1580
uni17D2179C,LA,-645,-670
uni17D2179C,LX,-225,-670
uni17D2179C,_LC,-645,0
uni17D2179C,_LR,-245,0
uni17D2179C,_LX,-225,0
uni17B1.alt,LC,738,-230
uni17B1.alt,LR,1270,-230
uni17B1.alt,UC,738,2050
uni17B1.alt,UN,738,2050
uni17B1.alt,UR,1270,1580
uni178917B6,LC_1,1106,-604
uni178917B6,LC_2,2175,0
uni178917B6,LR_1,1949,-600
uni178917B6,LR_2,2700,0
uni178917B6,UC_1,1472,1580
uni178917B6,UC_2,2175,1580
uni178917B6,UN_1,1106,1580
uni178917B6,UN_2,2175,1580
uni178917B6,UR_1,1948,1580
uni178917B6,UR_2,2700,1580
uni1EC7,LL,719,-507
uni1EC7,LU,684,1781
uni1EC7,PB,570,0
uni1EC7,def,610,0
oe,LL,1021,-110
oe,LU,1021,1350
oe,PB,520,0
oe,def,740,0
odieresis,LH,939,1010
odieresis,LL,664,-110
odieresis,LU,664,1804
odieresis,PB,561,0
odieresis,def,621,0
uni17A3,LC,791,0
uni17A3,LR,1275,0
uni17A3,UC,791,1580
uni17A3,UN,791,1580
uni17A3,UR,1275,1580
uni17D21783,LC,-135,-707
uni17D21783,LR,562,-707
uni17D21783,UC,95,1580
uni17D21783,UN,388,1580
uni17D21783,UR,562,1580
uni17D1.narrow,UA,-695,1860
uni17D1.narrow,UX,-225,1860
uni17D1.narrow,_UA,-695,1580
uni17D1.narrow,_UC,-715,1580
uni17D217A2.low.alt,LA,-623,-1240
uni17D217A2.low.alt,LX,-193,-1240
uni17D217A2.low.alt,_LC,-623,-670
uni17D217A2.low.alt,_LR,-245,-670
uni17D217A2.low.alt,_LX,-225,-670
uni178C17C5.right,LC_1,708,0
uni178C17C5.right,LC_2,1462,0
uni178C17C5.right,LR_1,1236,0
uni178C17C5.right,LR_2,1986,0
uni178C17C5.right,UC_1,710,1580
uni178C17C5.right,UC_2,1462,1580
uni178C17C5.right,UN_1,708,1580
uni178C17C5.right,UN_2,1462,1580
uni178C17C5.right,UR_1,1236,1580
uni178C17C5.right,UR_2,1986,1580
uni17C7,LR,738,0
uni17C7,UR,738,1436
uni17D217A0.low,LA,-758,-1239
uni17D217A0.low,LX,-188,-1239
uni17D217A0.low,_LC,-758,-670
uni17D217A0.low,_LR,-245,-670
uni17D217A0.low,_LX,-225,-670
uni179E17B6.alt,LC_1,793,0
uni179E17B6.alt,LC_2,1534,0
uni179E17B6.alt,LR_1,1312,0
uni179E17B6.alt,LR_2,2062,0
uni179E17B6.alt,UC_1,793,1580
uni179E17B6.alt,UC_2,1534,1580
uni179E17B6.alt,UN_1,793,1580
uni179E17B6.alt,UN_2,1534,1580
uni179E17B6.alt,UR_1,1312,1580
uni179E17B6.alt,UR_2,2062,1580
uni179E17B6.alt,zxc1,1818,1236
uni17D2178817C5.rightlow,LC_1,-371,-1265
uni17D2178817C5.rightlow,LC_2,782,0
uni17D2178817C5.rightlow,LR_1,562,-1265
uni17D2178817C5.rightlow,LR_2,1312,0
uni17D2178817C5.rightlow,UC_1,112,1580
uni17D2178817C5.rightlow,UC_2,782,1580
uni17D2178817C5.rightlow,UN_1,-371,1580
uni17D2178817C5.rightlow,UN_2,782,1580
uni17D2178817C5.rightlow,UR_1,562,1580
uni17D2178817C5.rightlow,UR_2,1312,1580
uni17D217A8,LA,-734,-929
uni17D217A8,LX,-225,-929
uni17D217A8,_LC,-734,0
uni17D217A8,_LR,-245,0
uni17D217A8,_LX,-225,0
uni17D21797,LA,-638,-713
uni17D21797,LX,-188,-713
uni17D21797,_LC,-638,0
uni17D21797,_LR,-245,0
uni17D21797,_LX,-225,0
uni179517B6,LC_1,785,0
uni179517B6,LC_2,1540,0
uni179517B6,LR_1,1312,0
uni179517B6,LR_2,2062,0
uni179517B6,UC_1,785,1840
uni179517B6,UC_2,1540,1840
uni179517B6,UN_1,785,1840
uni179517B6,UN_2,1540,1840
uni179517B6,URD0,2062,1494
uni179517B6,UR_1,1312,1840
uni179517B6,UR_2,2062,1840
uni179517B6,zxc1,1816,1236
uni17A0,LC,1007,0
uni17A0,LR,1762,0
uni17A0,UC,1306,1580
uni17A0,UN,1007,1580
uni17A0,UR,1762,1580
uni1EE0,LL,764,-110
uni1EE0,LU,804,2132
uni178317B6,LC_1,1125,0
uni178317B6,LC_2,2179,0
uni178317B6,LR_1,1950,0
uni178317B6,LR_2,2700,0
uni178317B6,UC_1,1472,1580
uni178317B6,UC_2,2179,1580
uni178317B6,UN_1,1125,1580
uni178317B6,UN_2,2179,1580
uni178317B6,UR_1,1950,1580
uni178317B6,UR_2,2700,1580
uni178317B6,zxc1,2453,1236
uni17A8,LC,760,-230
uni17A8,LR,1276,-230
uni17A8,UC,760,1840
uni17A8,UN,760,1840
uni17A8,UR,1276,1840
S,LL,688,-110
S,LU,688,1745
uni17D2179F17B6,LC_1,31,-615
uni17D2179F17B6,LC_2,782,0
uni17D2179F17B6,LR_1,562,-615
uni17D2179F17B6,LR_2,1312,0
uni17D2179F17B6,UC_1,31,1580
uni17D2179F17B6,UC_2,782,1580
uni17D2179F17B6,UN_1,31,1580
uni17D2179F17B6,UN_2,782,1580
uni17D2179F17B6,UR_1,562,1580
uni17D2179F17B6,UR_2,1312,1580
uni17D2179F17B6,zxc1,1068,1236
uni17D21785,LA,-666,-720
uni17D21785,LX,-225,-720
uni17D21785,_LC,-666,0
uni17D21785,_LR,-245,0
uni17D21785,_LX,-225,0
m,LL,1116,-110
m,LU,1116,1350
m,PB,581,0
m,def,821,0
uni178017B6.alt,LC_1,1022,0
uni178017B6.alt,LC_2,1980,0
uni178017B6.alt,LR_1,1762,0
uni178017B6.alt,LR_2,2511,0
uni178017B6.alt,UC_1,1311,1580
uni178017B6.alt,UC_2,1980,1580
uni178017B6.alt,UN_1,1022,1580
uni178017B6.alt,UN_2,1980,1580
uni178017B6.alt,UR_1,1762,1580
uni178017B6.alt,UR_2,2511,1580
uni178017B6.alt,zxc1,2246,1236
uni17D217A2.alt,LA,-614,-670
uni17D217A2.alt,LX,-225,-670
uni17D217A2.alt,_LC,-614,0
uni17D217A2.alt,_LR,-245,0
uni17D217A2.alt,_LX,-225,0
_uni03060300,LU,-664,2011
_uni03060300,_LU,-664,1350
uni1EA9,LL,620,-110
uni1EA9,LU,637,2021
uni1EA9,PB,550,0
uni1EA9,def,560,0
uni17D21789.alt1,LA,-819,-1259
uni17D21789.alt1,LX,-225,-1259
uni17D21789.alt1,_LC,-819,0
uni17D21789.alt1,_LR,-245,0
uni17D21789.alt1,_LX,-225,0
tildecomb,LU,-624,1707
tildecomb,_LU,-664,1350
Icircumflex,LL,437,-110
Icircumflex,LU,437,2176
uni178017B6,LC_1,825,0
uni178017B6,LC_2,1572,0
uni178017B6,LR_1,1345,0
uni178017B6,LR_2,2095,0
uni178017B6,UC_1,825,1580
uni178017B6,UC_2,1572,1580
uni178017B6,UN_1,825,1580
uni178017B6,UN_2,1572,1580
uni178017B6,UR_1,1345,1580
uni178017B6,UR_2,2095,1580
uni178017B6,zxc1,1834,1236
uni17D21787,LA,-644,-714
uni17D21787,LX,-225,-714
uni17D21787,_LC,-644,0
uni17D21787,_LR,-245,0
uni17D21787,_LX,-225,0
uni17A6,LC,1173,-719
uni17A6,LR,1855,-719
uni17A6,UC,1385,1960
uni17A6,UN,1173,1960
uni17A6,UR,1855,1960
uni01A1,LL,664,-110
uni01A1,LU,664,1350
uni01A1,PB,0,0
uni01A1,def,0,0
uni178417C5.right,LC_1,823,0
uni178417C5.right,LC_2,1576,0
uni178417C5.right,LR_1,1349,0
uni178417C5.right,LR_2,2100,0
uni178417C5.right,UC_1,823,1840
uni178417C5.right,UC_2,1576,1580
uni178417C5.right,UN_1,823,1840
uni178417C5.right,UN_2,1576,1580
uni178417C5.right,UR_1,1349,1840
uni178417C5.right,UR_2,2043,1580
uni17B3.alt,LC,738,-230
uni17B3.alt,LR,1270,-230
uni17B3.alt,UC,738,2050
uni17B3.alt,UN,738,2050
uni17B3.alt,UR,1270,2240
uni17D2179D,LA,-666,-713
uni17D2179D,LX,-218,-713
uni17D2179D,_LC,-666,0
uni17D2179D,_LR,-245,0
uni17D2179D,_LX,-225,0
g,LL,675,-690
g,LU,660,1350
g,PB,520,-200
g,def,560,0
uni179617C5.right,LC_1,787,0
uni179617C5.right,LC_2,1539,0
uni179617C5.right,LR_1,1312,0
uni179617C5.right,LR_2,2062,0
uni179617C5.right,UC_1,785,1580
uni179617C5.right,UC_2,1539,1580
uni179617C5.right,UN_1,787,1580
uni179617C5.right,UN_2,1539,1580
uni179617C5.right,UR_1,1312,1580
uni179617C5.right,UR_2,2062,1580
uni17D21799,LC,34,-617
uni17D21799,LR,562,-617
uni17D21799,UC,34,1580
uni17D21799,UN,388,1580
uni17D21799,UR,562,1580
uni178517C5.right,LC_1,785,0
uni178517C5.right,LC_2,1533,0
uni178517C5.right,LR_1,1312,0
uni178517C5.right,LR_2,2062,0
uni178517C5.right,UC_1,785,1580
uni178517C5.right,UC_2,1533,1580
uni178517C5.right,UN_1,785,1580
uni178517C5.right,UN_2,1533,1580
uni178517C5.right,UR_1,1312,1580
uni178517C5.right,UR_2,2062,1580
uni17D2179F,LC,34,-617
uni17D2179F,LR,562,-617
uni17D2179F,UC,34,1580
uni17D2179F,UN,388,1580
uni17D2179F,UR,562,1580
a,LL,620,-110
a,LU,637,1350
a,PB,550,0
a,def,560,0
uni178317C5.right,LC_1,1125,0
uni178317C5.right,LC_2,2179,0
uni178317C5.right,LR_1,1950,0
uni178317C5.right,LR_2,2700,0
uni178317C5.right,UC_1,1472,1580
uni178317C5.right,UC_2,2179,1580
uni178317C5.right,UN_1,1125,1580
uni178317C5.right,UN_2,2179,1580
uni178317C5.right,UR_1,1950,1580
uni178317C5.right,UR_2,2700,1580
ydieresis,LL,924,-350
ydieresis,LU,763,1804
ydieresis,PB,529,-200
ydieresis,def,511,0
_uni03060301,LU,-664,2011
_uni03060301,_LU,-664,1350
uni17A117B6,LC_1,1027,-722
uni17A117B6,LC_2,1990,0
uni17A117B6,LR_1,1760,-722
uni17A117B6,LR_2,2512,0
uni17A117B6,UC_1,1235,1580
uni17A117B6,UC_2,1990,1580
uni17A117B6,UN_1,1027,1580
uni17A117B6,UN_2,1990,1580
uni17A117B6,UR_1,1760,1580
uni17A117B6,UR_2,2512,1580
uni17A117B6,zxc1,2251,1236
uni178E17C5.right,LN_1,1312,0
uni178E17C5.right,LN_2,2585,0
uni178E17C5.right,LR_1,2362,0
uni178E17C5.right,LR_2,3112,0
uni178E17C5.right,UC_1,1884,1580
uni178E17C5.right,UC_2,2585,1580
uni178E17C5.right,UR_1,2362,1580
uni178E17C5.right,UR_2,3112,1580
uni17CF.narrow,UA,-695,2286
uni17CF.narrow,UX,-225,2286
uni17CF.narrow,_UA,-695,1580
uni17CF.narrow,_UC,-715,1580
uni17DD.narrow,UA,-395,2125
uni17DD.narrow,UX,100,2123
uni17DD.narrow,_UA,-351,1580
uni17DD.narrow,_UC,-376,1580
uni1781,LC,770,0
uni1781,LR,1270,0
uni1781,UC,759,1580
uni1781,UN,770,1580
uni1781,UR,1270,1580
X,LL,751,-110
X,LU,801,1745
uni178817C5.right,LC_1,1315,0
uni178817C5.right,LC_2,2667,0
uni178817C5.right,LR_1,2437,0
uni178817C5.right,LR_2,3187,0
uni178817C5.right,UC_1,1959,1580
uni178817C5.right,UC_2,2667,1580
uni178817C5.right,UN_1,1315,1580
uni178817C5.right,UN_2,2667,1580
uni178817C5.right,UR_1,2437,1580
uni178817C5.right,UR_2,3187,1580
Y,LL,767,-110
Y,LU,850,1745
uni17D2,LA,-733,-670
uni17D2,LX,-225,-670
uni17D2,_LC,-733,0
uni17D2,_LR,-245,0
uni17D2,_LX,-225,0
Ugrave,LL,916,-110
Ugrave,LU,936,2193
uni179F17B6,LC_1,1161,0
uni179F17B6,LC_2,1991,0
uni179F17B6,LR_1,1762,0
uni179F17B6,LR_2,2512,0
uni179F17B6,UC_1,1294,1580
uni179F17B6,UC_2,1991,1580
uni179F17B6,UN_1,1161,1580
uni179F17B6,UN_2,1991,1580
uni179F17B6,UR_1,1762,1580
uni179F17B6,UR_2,2512,1580
uni179F17B6,zxc1,2272,1236
uni178C17B6,LC_1,708,0
uni178C17B6,LC_2,1462,0
uni178C17B6,LR_1,1236,0
uni178C17B6,LR_2,1986,0
uni178C17B6,UC_1,710,1580
uni178C17B6,UC_2,1462,1580
uni178C17B6,UN_1,708,1580
uni178C17B6,UN_2,1462,1580
uni178C17B6,UR_1,1236,1580
uni178C17B6,UR_2,1986,1580
uni178C17B6,zxc1,1745,1236
uni1ECF,LH,939,1010
uni1ECF,LL,664,-110
uni1ECF,LU,680,1834
uni1ECF,PA,1285,0
uni1ECF,PB,561,0
uni1ECF,_PA,1285,-10
uni1ECF,_def,1285,18
uni1ECF,def,621,0
atilde,LL,620,-110
atilde,LU,677,1707
atilde,PB,550,0
atilde,def,560,0
uni178C,LC,709,0
uni178C,LR,1237,0
uni178C,UC,709,1580
uni178C,UN,709,1580
uni178C,UR,1237,1580
uni178417B6,LC_1,823,0
uni178417B6,LC_2,1576,0
uni178417B6,LR_1,1349,0
uni178417B6,LR_2,2100,0
uni178417B6,UC_1,823,1840
uni178417B6,UC_2,1576,1580
uni178417B6,UN_1,823,1840
uni178417B6,UN_2,1576,1580
uni178417B6,UR_1,1349,1840
uni178417B6,UR_2,2043,1580
uni178417B6,zxc1,1906,1236
uni17D2178B.low,LA,-673,-1340
uni17D2178B.low,LX,-225,-1340
uni17D2178B.low,_LC,-673,-670
uni17D2178B.low,_LR,-245,-670
uni17D2178B.low,_LX,-225,-670
uni17B3,LC,748,-230
uni17B3,LR,1270,-230
uni17B3,UC,748,1940
uni17B3,UN,748,1940
uni17B3,UR,1270,2040
uni17D21789,LA,-807,-670
uni17D21789,LX,-225,-670
uni17D21789,_LC,-807,0
uni17D21789,_LR,-245,0
uni17D21789,_LX,-225,0
uni0307,LU,-627,1744
uni0307,PA,-6,0
uni0307,_LU,-627,1350
uni0307,_PA,-6,18
uni0307,_def,-6,18
Ydieresis,LL,767,-110
Ydieresis,LU,850,2199
uni17D2178F,LA,-640,-713
uni17D2178F,LX,-189,-713
uni17D2178F,_LC,-640,0
uni17D2178F,_LR,-245,0
uni17D2178F,_LX,-225,0
uni1EEA,LL,916,-110
uni1EEA,LU,936,2193
uni01B0,LL,700,-110
uni01B0,LU,700,1350
uni01B0,PB,0,0
uni01B0,def,0,0
uni17D21788.alt,LC,-135,-707
uni17D21788.alt,LR,562,-707
uni17D21788.alt,UC,75,1580
uni17D21788.alt,UN,388,1580
uni17D21788.alt,UR,562,1580
Eacute,LL,841,-110
Eacute,LU,841,2193
Z,LL,685,-110
Z,LU,685,1745
uni17D2178317C5.right.alt,LC_1,-128,-730
uni17D2178317C5.right.alt,LC_2,780,0
uni17D2178317C5.right.alt,LR_1,562,-730
uni17D2178317C5.right.alt,LR_2,1312,0
uni17D2178317C5.right.alt,UC_1,123,1580
uni17D2178317C5.right.alt,UC_2,780,1580
uni17D2178317C5.right.alt,UN_1,-128,1580
uni17D2178317C5.right.alt,UN_2,780,1580
uni17D2178317C5.right.alt,UR_1,562,1580
uni17D2178317C5.right.alt,UR_2,1312,1580
uni17D2179E.low,LC,45,-1235
uni17D2179E.low,LR,562,-1235
uni17D2179E.low,UC,45,1580
uni17D2179E.low,UN,388,1580
uni17D2179E.low,UR,562,1580
uni17D21789.alt2,LA,-819,-960
uni17D21789.alt2,LX,-225,-960
uni17D21789.alt2,_LC,-819,0
uni17D21789.alt2,_LR,-245,0
uni17D21789.alt2,_LX,-225,0
uni179717C5.right,LC_1,823,0
uni179717C5.right,LC_2,1570,0
uni179717C5.right,LR_1,1350,0
uni179717C5.right,LR_2,2100,0
uni179717C5.right,UC_1,823,1580
uni179717C5.right,UC_2,1570,1580
uni179717C5.right,UN_1,823,1580
uni179717C5.right,UN_2,1570,1580
uni179717C5.right,UR_1,1350,1580
uni179717C5.right,UR_2,2100,1580
uni17B6,LC_1,111,0
uni17B6,LC_2,-138,0
uni17B6,LR_1,505,0
uni17B6,LR_2,505,0
uni17B6,UC_1,35,1580
uni17B6,UC_2,-138,1580
uni17B6,UN_1,111,1580
uni17B6,UN_2,-138,1580
uni17B6,UR_1,505,1580
uni17B6,UR_2,505,1580
uni17B6,zxc1,320,1236
uni17D2179D.low,LA,-676,-1238
uni17D2179D.low,LX,-225,-1238
uni17D2179D.low,_LC,-676,-670
uni17D2179D.low,_LR,-245,-670
uni17D2179D.low,_LX,-225,-670
uni1EA8,LL,730,-110
uni1EA8,LU,730,2416
uni1EE5,LL,698,-507
uni1EE5,LU,700,1350
uni1EE5,PB,519,0
uni1EE5,def,579,0
uni1EB4,LL,730,-110
uni1EB4,LU,730,2416
uni1ED2,LL,764,-110
uni1ED2,LU,764,2206
uni17D2179917C5.right,LC_1,31,-635
uni17D2179917C5.right,LC_2,782,0
uni17D2179917C5.right,LR_1,562,-635
uni17D2179917C5.right,LR_2,1312,0
uni17D2179917C5.right,UC_1,31,1580
uni17D2179917C5.right,UC_2,782,1580
uni17D2179917C5.right,UN_1,31,1580
uni17D2179917C5.right,UN_2,782,1580
uni17D2179917C5.right,UR_1,562,1580
uni17D2179917C5.right,UR_2,1312,1580
uni17C5.rightpart,LC_1,111,0
uni17C5.rightpart,LC_2,-138,0
uni17C5.rightpart,LR_1,505,0
uni17C5.rightpart,LR_2,505,0
uni17C5.rightpart,UC_1,35,1580
uni17C5.rightpart,UC_2,-138,1580
uni17C5.rightpart,UN_1,111,1580
uni17C5.rightpart,UN_2,-138,1580
uni17C5.rightpart,UR_1,505,1580
uni17C5.rightpart,UR_2,505,1580
uni1EAB,LL,620,-110
uni1EAB,LU,637,2093
uni1EAB,PB,550,0
uni1EAB,def,560,0
aring,LL,620,-110
aring,LU,637,1855
aring,PB,550,0
aring,def,560,0
z,LL,628,-110
z,LU,628,1350
z,PB,567,0
z,def,549,0
uni1EA5,LL,620,-110
uni1EA5,LU,637,1781
uni1EA5,PB,550,0
uni1EA5,def,560,0
Ecircumflex,LL,841,-110
Ecircumflex,LU,841,2176
uni179E17C5.right,LC_1,793,0
uni179E17C5.right,LC_2,1534,0
uni179E17C5.right,LR_1,1312,0
uni179E17C5.right,LR_2,2062,0
uni179E17C5.right,UC_1,793,1580
uni179E17C5.right,UC_2,1534,1580
uni179E17C5.right,UN_1,793,1580
uni179E17C5.right,UN_2,1534,1580
uni179E17C5.right,UR_1,1312,1580
uni179E17C5.right,UR_2,2062,1580
eth,LL,654,-110
eth,LU,655,1880
eth,PB,550,0
eth,def,610,200
uni179A17C5.right,LN_1,603,0
uni179A17C5.right,LN_2,821,0
uni179A17C5.right,LR_1,627,0
uni179A17C5.right,LR_2,1350,0
uni179A17C5.right,UC_1,456,1580
uni179A17C5.right,UC_2,821,1580
uni179A17C5.right,UR_1,600,1580
uni179A17C5.right,UR_2,1350,1580
uni17D0,UA,-695,2200
uni17D0,UX,-225,2403
uni17D0,_UR,-122,1580
uni17D0,_URD0,-122,1580
uni17D0,_UX,-225,1580
uni17A4,LC,1125,0
uni17A4,LR,2025,0
uni17A4,UC,1468,1580
uni17A4,UN,1125,1580
uni17A4,UR,2025,1580
Udieresis,LL,916,-110
Udieresis,LU,936,2199
uni17D21789.low,LA,-810,-1340
uni17D21789.low,LX,-225,-1340
uni17D21789.low,_LC,-810,-670
uni17D21789.low,_LR,-245,-670
uni17D21789.low,_LX,-225,-670
uni17D2178E,LA,-958,-670
uni17D2178E,LX,-66,-716
uni17D2178E,_LA,-958,0
uni17D2178E,_LC,-938,0
uni1ED6,LL,764,-110
uni1ED6,LU,764,2518
uni17BA.narrow,UA,-695,2370
uni17BA.narrow,UX,-225,2370
uni17BA.narrow,_UR,-245,1580
uni17BA.narrow,_UX,-225,1580
uni1787,LC,785,0
uni1787,LR,1311,0
uni1787,UC,785,1840
uni1787,UN,785,1840
uni1787,UR,1311,1840
adieresis,LL,620,-110
adieresis,LU,637,1804
adieresis,PB,550,0
adieresis,def,560,0
uni0169,LL,700,-110
uni0169,LU,740,1707
uni0169,PB,519,0
uni0169,def,579,0
uni17D217B1,LA,-682,-926
uni17D217B1,LX,-225,-926
uni17D217B1,_LC,-682,0
uni17D217B1,_LR,-245,0
uni17D217B1,_LX,-225,0
uni179D17B6,LC_1,785,0
uni179D17B6,LC_2,1542,0
uni179D17B6,LR_1,1312,0
uni179D17B6,LR_2,2062,0
uni179D17B6,UC_1,785,1580
uni179D17B6,UC_2,1542,1580
uni179D17B6,UN_1,785,1580
uni179D17B6,UN_2,1542,1580
uni179D17B6,UR_1,1312,1580
uni179D17B6,UR_2,2062,1580
uni179D17B6,zxc1,1823,1236
uni1EEE,LL,916,-110
uni1EEE,LU,976,2102
uni17D21786,LA,-717,-710
uni17D21786,LX,-225,-710
uni17D21786,_LC,-717,0
uni17D21786,_LR,-245,0
uni17D21786,_LX,-225,0
uni17CF,UA,-695,2286
uni17CF,UX,-225,2286
uni17CF,_UA,-695,1580
uni17CF,_UC,-715,1580
uni17D2178A,LA,-659,-670
uni17D2178A,LX,-225,-670
uni17D2178A,_LC,-659,0
uni17D2178A,_LR,-245,0
uni17D2178A,_LX,-225,0
uni0304,LU,-664,1667
uni0304,PA,-43,0
uni0304,_LU,-664,1350
uni0304,_PA,-43,18
uni0304,_def,-43,18
uni179B,LC,1017,0
uni179B,LR,1762,0
uni179B,UC,1240,1580
uni179B,UN,1017,1580
uni179B,UR,1762,1580
icircumflex,LL,421,-110
icircumflex,LU,421,1781
icircumflex,PB,52,0
icircumflex,def,52,0
uni17D21792,LA,-648,-670
uni17D21792,LX,-225,-670
uni17D21792,_LC,-648,0
uni17D21792,_LR,-245,0
uni17D21792,_LX,-225,0
uni17D21794.low,LC,45,-1235
uni17D21794.low,LR,562,-1235
uni17D21794.low,UC,45,1580
uni17D21794.low,UN,388,1580
uni17D21794.low,UR,562,1580
Ccedilla,LL,855,-490
Ccedilla,LU,805,1745
fl,LL,1270,-110
fl,LU,1270,1880
fl,PB,1386,0
fl,def,1306,200
uni1EAC,LL,728,-507
uni1EAC,LU,730,2176
uni1EC8,LL,437,-110
uni1EC8,LU,453,2229
uni1EC8,PA,1058,395
uni1EC8,_PA,1058,385
uni1EC8,_def,1058,413
Aacute,LL,730,-110
Aacute,LU,730,2193
Q,LL,764,-110
Q,LU,764,1775
cent,PB,586,0
cent,def,623,0
I,LL,437,-110
I,LU,437,1745
uni1EEF,LL,700,-110
uni1EEF,LU,740,1707
uni1EEF,PB,0,0
uni1EEF,def,0,0
caroncomb,LU,-664,1737
caroncomb,_LU,-664,1350
uni179317C5.right,LC_1,787,0
uni179317C5.right,LC_2,1535,0
uni179317C5.right,LR_1,1306,0
uni179317C5.right,LR_2,2062,0
uni179317C5.right,UC_1,785,1580
uni179317C5.right,UC_2,1535,1580
uni179317C5.right,UN_1,787,1580
uni179317C5.right,UN_2,1535,1580
uni179317C5.right,UR_1,1225,1580
uni179317C5.right,UR_2,2062,1580
uni1789,LC,1145,-604
uni1789,LR,1951,-604
uni1789,UC,1472,1580
uni1789,UN,1145,1580
uni1789,UR,1951,1580
igrave,LL,421,-110
igrave,LU,421,1798
igrave,PB,52,0
igrave,def,52,0
uni17D0.alt,UA,-695,2404
uni17D0.alt,UX,-225,2404
uni17D0.alt,_UR,-245,1580
uni17D0.alt,_UX,-225,1580
uni17D21798.low,LA,-654,-1239
uni17D21798.low,LX,-247,-1239
uni17D21798.low,_LC,-654,-670
uni17D21798.low,_LR,-245,-670
uni17D21798.low,_LX,-225,-670
uni17C9.narrow,UA,-365,2017
uni17C9.narrow,UX,-65,2007
uni17C9.narrow,_UA,-365,1580
uni17C9.narrow,_UN,-385,1580
uni1796,LC,792,0
uni1796,LR,1312,0
uni1796,UC,790,1580
uni1796,UN,792,1580
uni1796,UR,1312,1580
uni178F,LC,787,0
uni178F,LR,1312,0
uni178F,UC,788,1580
uni178F,UN,787,1580
uni178F,UR,1312,1580
uni178E17B6,LN_1,1312,0
uni178E17B6,LN_2,2585,0
uni178E17B6,LR_1,2362,0
uni178E17B6,LR_2,3112,0
uni178E17B6,UC_1,1884,1580
uni178E17B6,UC_2,2585,1580
uni178E17B6,UR_1,2362,1580
uni178E17B6,UR_2,3112,1580
uni178E17B6,zxc1,2870,1236
_uni03020301,LU,-664,1781
_uni03020301,_LU,-664,1350
ordmasculine,PB,306,950
ordmasculine,def,342,950
eacute,LL,721,-110
eacute,LU,684,1798
eacute,PB,570,0
eacute,def,610,0
uni17D2179E17C5.rightlow,LC_1,29,-1265
uni17D2179E17C5.rightlow,LC_2,782,0
uni17D2179E17C5.rightlow,LR_1,562,-1265
uni17D2179E17C5.rightlow,LR_2,1312,0
uni17D2179E17C5.rightlow,UC_1,112,1580
uni17D2179E17C5.rightlow,UC_2,782,1580
uni17D2179E17C5.rightlow,UN_1,29,1580
uni17D2179E17C5.rightlow,UN_2,782,1580
uni17D2179E17C5.rightlow,UR_1,562,1580
uni17D2179E17C5.rightlow,UR_2,1312,1580
uni17D2179E,LC,34,-707
uni17D2179E,LR,562,-707
uni17D2179E,UC,34,1580
uni17D2179E,UN,388,1580
uni17D2179E,UR,562,1580
OE,LL,1126,-110
OE,LU,1126,1775
_uni03060309,LU,-664,2051
_uni03060309,PA,-100,417
_uni03060309,_LU,-664,1350
uni17D2178D.low,LC,-103,-1244
uni17D2178D.low,LR,505,-1244
uni17D2178D.low,UC,35,1580
uni17D2178D.low,UN,388,1580
uni17D2178D.low,UR,505,1580
uni1EBD,LL,721,-110
uni1EBD,LU,724,1707
uni1EBD,PB,570,0
uni1EBD,def,610,0
uni178B17B6,LC_1,823,0
uni178B17B6,LC_2,1570,0
uni178B17B6,LR_1,1350,0
uni178B17B6,LR_2,2100,0
uni178B17B6,UC_1,823,1840
uni178B17B6,UC_2,1570,1840
uni178B17B6,UN_1,823,1840
uni178B17B6,UN_2,1570,1840
uni178B17B6,URD0,2100,1494
uni178B17B6,UR_1,1350,1840
uni178B17B6,UR_2,2100,1840
uni178B17B6,zxc1,1874,1236
uni1EA3,LL,620,-110
uni1EA3,LU,653,1834
uni1EA3,PA,1258,0
uni1EA3,PB,550,0
uni1EA3,_PA,1258,-10
uni1EA3,_def,1258,18
uni1EA3,def,560,0
uni031B,PA,0,0
uni031B,_PA,0,0
uni031B,_def,0,0
ocircumflex,LH,939,1010
ocircumflex,LL,664,-110
ocircumflex,LU,664,1781
ocircumflex,PB,561,0
ocircumflex,def,621,0
uni17D21785.low,LA,-670,-1240
uni17D21785.low,LX,-225,-1240
uni17D21785.low,_LC,-670,-670
uni17D21785.low,_LR,-245,-670
uni17D21785.low,_LX,-225,-670
uni17CD.narrow,UA,-695,2455
uni17CD.narrow,UX,-225,2455
uni17CD.narrow,_UA,-695,1580
uni17CD.narrow,_UC,-715,1580
uni17D217AC,LA,-647,-1111
uni17D217AC,LX,-225,-1111
uni17D217AC,_LC,-647,0
uni17D217AC,_LR,-245,0
uni17D217AC,_LX,-225,0
uni17AE,LC,785,-634
uni17AE,LR,1312,-634
uni17AE,UC,785,1580
uni17AE,UN,785,1580
uni17AE,UR,1312,1580
uni17D217A7,LA,-693,-710
uni17D217A7,LX,-225,-710
uni17D217A7,_LC,-693,0
uni17D217A7,_LR,-245,0
uni17D217A7,_LX,-225,0
uni179317B6,LC_1,787,0
uni179317B6,LC_2,1535,0
uni179317B6,LR_1,1306,0
uni179317B6,LR_2,2062,0
uni179317B6,UC_1,785,1580
uni179317B6,UC_2,1535,1580
uni179317B6,UN_1,787,1580
uni179317B6,UN_2,1535,1580
uni179317B6,UR_1,1225,1580
uni179317B6,UR_2,2062,1580
uni179317B6,zxc1,1820,1236
uni1786,LC,806,0
uni1786,LR,1349,0
uni1786,UC,823,1580
uni1786,UN,806,1580
uni1786,UR,1349,1580
uni17AB,LC,788,-618
uni17AB,LR,1311,-618
uni17AB,UC,785,1580
uni17AB,UN,788,1580
uni17AB,UR,1311,1580
A,LL,730,-110
A,LU,730,1745
uni178017C5.right,LC_1,825,0
uni178017C5.right,LC_2,1572,0
uni178017C5.right,LR_1,1345,0
uni178017C5.right,LR_2,2095,0
uni178017C5.right,UC_1,825,1580
uni178017C5.right,UC_2,1572,1580
uni178017C5.right,UN_1,825,1580
uni178017C5.right,UN_2,1572,1580
uni178017C5.right,UR_1,1345,1580
uni178017C5.right,UR_2,2095,1580
uni00EA0306,LL,721,-110
uni00EA0306,LU,684,2081
uni00EA0306,PA,1348,553
uni00EA0306,PB,570,0
uni00EA0306,_PA,1348,353
uni00EA0306,_def,1348,352
uni00EA0306,def,610,0
uni17D2178C,LA,-640,-670
uni17D2178C,LX,-225,-670
uni17D2178C,_LC,-640,0
uni17D2178C,_LR,-245,0
uni17D2178C,_LX,-225,0
uni17BD.low,LA,-600,-670
uni17BD.low,LX,-225,-1230
uni17BD.low,_LR,-245,-670
uni17BD.low,_LX,-225,-670
Idieresis,LL,437,-110
Idieresis,LU,437,2199
Ucircumflex,LL,916,-110
Ucircumflex,LU,936,2176
AE,LL,1062,-110
AE,LU,1062,1745
Acircumflex,LL,730,-110
Acircumflex,LU,730,2176
dieresiscomb,LU,-664,1804
dieresiscomb,_LU,-664,1350
uni178917C5.rightalt,LC_1,1161,0
uni178917C5.rightalt,LC_2,2175,0
uni178917C5.rightalt,LR_1,1949,0
uni178917C5.rightalt,LR_2,2700,0
uni178917C5.rightalt,UC_1,1477,1580
uni178917C5.rightalt,UC_2,2175,1580
uni178917C5.rightalt,UN_1,1161,1580
uni178917C5.rightalt,UN_2,2175,1580
uni178917C5.rightalt,UR_1,1948,1580
uni178917C5.rightalt,UR_2,2700,1580
uni17D21795,LA,-661,-670
uni17D21795,LX,-225,-670
uni17D21795,_LC,-661,0
uni17D21795,_LR,-245,0
uni17D21795,_LX,-225,0
uni17D2179F17C5.right,LC_1,31,-615
uni17D2179F17C5.right,LC_2,782,0
uni17D2179F17C5.right,LR_1,562,-615
uni17D2179F17C5.right,LR_2,1312,0
uni17D2179F17C5.right,UC_1,31,1580
uni17D2179F17C5.right,UC_2,782,1580
uni17D2179F17C5.right,UN_1,31,1580
uni17D2179F17C5.right,UN_2,782,1580
uni17D2179F17C5.right,UR_1,562,1580
uni17D2179F17C5.right,UR_2,1312,1580
uni1782,LC,804,0
uni1782,LR,1311,0
uni1782,UC,785,1580
uni1782,UN,804,1580
uni1782,UR,1311,1580
p,LL,680,-690
p,LU,680,1350
p,PB,530,-200
p,def,590,0
G,LL,694,-110
G,LU,755,1745
uni0110,LL,775,-110
uni0110,LU,775,1745
uni01AF0306,LL,916,-110
uni01AF0306,LU,936,2096
uni01AF0306,PA,1516,595
uni01AF0306,_PA,1516,395
uni01AF0306,_def,1516,413
Odieresis,LL,764,-110
Odieresis,LU,764,2229
uni17D21781,LA,-653,-670
uni17D21781,LX,-225,-670
uni17D21781,_LC,-653,0
uni17D21781,_LR,-245,0
uni17D21781,_LX,-225,0
H,LL,843,-110
H,LU,843,1745
uni179C,LN,449,0
uni179C,LR,600,0
uni179C,UC,449,1840
uni179C,UR,747,1840
uni17AD,LC,786,-618
uni17AD,LR,1312,-618
uni17AD,UC,786,1580
uni17AD,UN,786,1580
uni17AD,UR,1312,1580
uni17D2178317C5.rightlow,LC_1,-122,-1230
uni17D2178317C5.rightlow,LC_2,787,0
uni17D2178317C5.rightlow,LR_1,562,-1230
uni17D2178317C5.rightlow,LR_2,1312,0
uni17D2178317C5.rightlow,UC_1,123,1580
uni17D2178317C5.rightlow,UC_2,787,1580
uni17D2178317C5.rightlow,UN_1,-122,1580
uni17D2178317C5.rightlow,UN_2,787,1580
uni17D2178317C5.rightlow,UR_1,562,1580
uni17D2178317C5.rightlow,UR_2,1312,1580
Aring,LL,730,-110
Aring,LU,730,2250
Eth,LL,775,-110
Eth,LU,775,1745
uni17BB.narrow,LA,-412,-670
uni17BB.narrow,LX,-225,-670
uni17BB.narrow,_LR,-245,0
uni17BB.narrow,_LX,-225,0
uni17D2179917B6.low,LC_1,29,-1265
uni17D2179917B6.low,LC_2,782,0
uni17D2179917B6.low,LR_1,562,-1265
uni17D2179917B6.low,LR_2,1312,0
uni17D2179917B6.low,UC_1,112,1580
uni17D2179917B6.low,UC_2,782,1580
uni17D2179917B6.low,UN_1,29,1580
uni17D2179917B6.low,UN_2,782,1580
uni17D2179917B6.low,UR_1,562,1580
uni17D2179917B6.low,UR_2,1312,1580
uni17D2179917B6.low,zxc1,1068,1236
E,LL,841,-110
E,LU,841,1745
uni178217C5.right,LC_1,785,0
uni178217C5.right,LC_2,1362,0
uni178217C5.right,LR_1,1312,0
uni178217C5.right,LR_2,2062,0
uni178217C5.right,UC_1,785,1580
uni178217C5.right,UC_2,1362,1580
uni178217C5.right,UN_1,785,1580
uni178217C5.right,UN_2,1362,1580
uni178217C5.right,UR_1,1312,1580
uni178217C5.right,UR_2,2062,1580
uni17D21799.low,LC,45,-1235
uni17D21799.low,LR,562,-1235
uni17D21799.low,UC,45,1580
uni17D21799.low,UN,388,1580
uni17D21799.low,UR,562,1580
uni17D2179417B6.low,LC_1,29,-1265
uni17D2179417B6.low,LC_2,782,0
uni17D2179417B6.low,LR_1,562,-1265
uni17D2179417B6.low,LR_2,1312,0
uni17D2179417B6.low,UC_1,112,1580
uni17D2179417B6.low,UC_2,782,1580
uni17D2179417B6.low,UN_1,29,1580
uni17D2179417B6.low,UN_2,782,1580
uni17D2179417B6.low,UR_1,562,1580
uni17D2179417B6.low,UR_2,1312,1580
uni17D2179417B6.low,zxc1,1068,1236
F,LL,871,-110
F,LU,871,1745
J,LL,480,-110
J,LU,816,1745
uni17D21792.low,LA,-659,-1240
uni17D21792.low,LX,-225,-1240
uni17D21792.low,_LC,-659,-670
uni17D21792.low,_LR,-245,-670
uni17D21792.low,_LX,-225,-670
four,LL,578,-101
four,LU,578,1605
uni17D21790,LA,-729,-630
uni17D21790,LX,-225,-630
uni17D21790,_LC,-729,0
uni17D21790,_LR,-245,0
uni17D21790,_LX,-225,0
uni0306,LU,-624,1701
uni0306,PA,-44,200
uni0306,_LU,-624,1350
uni0306,_PA,-44,0
uni0306,_def,-44,18
uni17D2178817B6.low,LC_1,-371,-1265
uni17D2178817B6.low,LC_2,782,0
uni17D2178817B6.low,LR_1,562,-1265
uni17D2178817B6.low,LR_2,1312,0
uni17D2178817B6.low,UC_1,112,1580
uni17D2178817B6.low,UC_2,782,1580
uni17D2178817B6.low,UN_1,-371,1580
uni17D2178817B6.low,UN_2,782,1580
uni17D2178817B6.low,UR_1,562,1580
uni17D2178817B6.low,UR_2,1312,1580
uni17D2178817B6.low,zxc1,1068,1236
uni17D21793,LA,-702,-670
uni17D21793,LX,-225,-670
uni17D21793,_LC,-702,0
uni17D21793,_LR,-245,0
uni17D21793,_LX,-225,0
N,LL,829,-110
N,LU,829,1745
_uni03060303,LU,-664,2021
_uni03060303,_LU,-664,1350
uni1EF0,LL,914,-507
uni1EF0,LU,936,1745
uni00F40306,LH,939,1010
uni00F40306,LL,664,-110
uni00F40306,LU,664,2081
uni00F40306,PA,1328,553
uni00F40306,PB,561,0
uni00F40306,_PA,1328,353
uni00F40306,_def,1328,352
uni00F40306,def,621,0
nine,LL,582,-101
nine,LU,530,1605
uni17D217A3,LA,-605,-670
uni17D217A3,LX,-225,-670
uni17D217A3,_LC,-605,0
uni17D217A3,_LR,-245,0
uni17D217A3,_LX,-225,0
P,LL,797,-110
P,LU,797,1745
uni17D21795.low,LA,-660,-1250
uni17D21795.low,LX,-225,-1250
uni17D21795.low,_LC,-660,-670
uni17D21795.low,_LR,-245,-670
uni17D21795.low,_LX,-225,-670
uni00CA0306,LL,841,-110
uni00CA0306,LU,841,2476
uni00CA0306,PA,1505,948
uni00CA0306,_PA,1505,748
uni00CA0306,_def,1505,747
uni1EE4,LL,914,-507
uni1EE4,LU,936,1745
uni1783,LC,1125,0
uni1783,LR,1950,0
uni1783,UC,1473,1580
uni1783,UN,1125,1580
uni1783,UR,1950,1580
uni17D217AA,LA,-688,-1114
uni17D217AA,LX,-218,-1114
uni17D217AA,_LC,-688,0
uni17D217AA,_LR,-245,0
uni17D217AA,_LX,-225,0
uni17AC,LC,788,-634
uni17AC,LR,1311,-634
uni17AC,UC,785,1580
uni17AC,UN,788,1580
uni17AC,UR,1311,1580
uni00D40306,LL,764,-110
uni00D40306,LU,764,2506
uni00D40306,PA,1428,978
uni00D40306,_PA,1428,778
uni00D40306,_def,1428,777
uni1EA4,LL,730,-110
uni1EA4,LU,730,2176
uni1ED3,LH,939,1010
uni1ED3,LL,664,-110
uni1ED3,LU,664,1781
uni1ED3,PB,561,0
uni1ED3,def,621,0
B,LL,813,-110
B,LU,788,1745
uni17C6.narrow,UA,-695,2110
uni17C6.narrow,UX,-225,2110
uni17C6.narrow,_UA,-695,1580
uni17C6.narrow,_UC,-715,1580
uni17D21780.low,LA,-676,-1240
uni17D21780.low,LX,-225,-1240
uni17D21780.low,_LC,-676,-670
uni17D21780.low,_LR,-245,-670
uni17D21780.low,_LX,-225,-670
uni17A217C5.right,LC_1,781,0
uni17A217C5.right,LC_2,1495,0
uni17A217C5.right,LR_1,1275,0
uni17A217C5.right,LR_2,2025,0
uni17A217C5.right,UC_1,781,1580
uni17A217C5.right,UC_2,1495,1580
uni17A217C5.right,UN_1,781,1580
uni17A217C5.right,UN_2,1495,1580
uni17A217C5.right,UR_1,1275,1580
uni17A217C5.right,UR_2,2025,1580
uni17D217A4,LA,-986,-710
uni17D217A4,LX,-228,-710
uni17D217A4,_LC,-986,0
uni17D217A4,_LR,-245,0
uni17D217A4,_LX,-225,0
uni17B7,UA,-705,2147
uni17B7,UX,-245,2147
uni17B7,_UR,-245,1580
uni17B7,_UX,-225,1580
uni17D2178D17B6,LC_1,-259,-738
uni17D2178D17B6,LC_2,781,0
uni17D2178D17B6,LR_1,562,-738
uni17D2178D17B6,LR_2,1312,0
uni17D2178D17B6,UC_1,14,1580
uni17D2178D17B6,UC_2,781,1580
uni17D2178D17B6,UN_1,-259,1580
uni17D2178D17B6,UN_2,781,1580
uni17D2178D17B6,UR_1,552,1580
uni17D2178D17B6,UR_2,1312,1580
uni17D2178D17B6,zxc1,1068,1236
uni17CA,UA,-695,1959
uni17CA,UX,-225,1959
uni17CA,_UR,-245,1580
uni17CA,_UX,-225,1580
uni0103,LL,620,-110
uni0103,LU,637,1701
uni0103,PA,1217,200
uni0103,PB,550,0
uni0103,_PA,1217,0
uni0103,_def,1217,18
uni0103,def,560,0
uni1784,LC,823,0
uni1784,LR,1353,0
uni1784,UC,823,1840
uni1784,UN,823,1840
uni1784,UR,1353,1840
uni1784,URD0,1353,1494
uni1EF1,LL,698,-507
uni1EF1,LU,700,1350
uni1EF1,PB,0,0
uni1EF1,def,0,0
germandbls,LL,875,-110
germandbls,LU,809,1880
uni178617B6,LC_1,806,0
uni178617B6,LC_2,1576,0
uni178617B6,LR_1,1349,0
uni178617B6,LR_2,2100,0
uni178617B6,UC_1,823,1580
uni178617B6,UC_2,1576,1580
uni178617B6,UN_1,806,1580
uni178617B6,UN_2,1576,1580
uni178617B6,UR_1,1349,1580
uni178617B6,UR_2,2100,1580
uni178617B6,zxc1,1870,1236
uni17D2179F17B6.low,LC_1,29,-1265
uni17D2179F17B6.low,LC_2,782,0
uni17D2179F17B6.low,LR_1,562,-1265
uni17D2179F17B6.low,LR_2,1312,0
uni17D2179F17B6.low,UC_1,112,1580
uni17D2179F17B6.low,UC_2,782,1580
uni17D2179F17B6.low,UN_1,29,1580
uni17D2179F17B6.low,UN_2,782,1580
uni17D2179F17B6.low,UR_1,562,1580
uni17D2179F17B6.low,UR_2,1312,1580
uni17D2179F17B6.low,zxc1,1068,1236
Egrave,LL,841,-110
Egrave,LU,841,2193
uni17B1,LC,746,-230
uni17B1,LR,1270,-230
uni17B1,UC,746,1900
uni17B1,UN,746,1900
uni17B1,UR,1270,1840
uni1EB3,LL,620,-110
uni1EB3,LU,637,2051
uni1EB3,PA,1201,417
uni1EB3,PB,550,0
uni1EB3,def,560,0
yacute,LL,924,-350
yacute,LU,763,1798
yacute,PB,529,-200
yacute,def,511,0
uni179917B6,LC_1,1160,0
uni179917B6,LC_2,2209,0
uni179917B6,LR_1,1987,0
uni179917B6,LR_2,2737,0
uni179917B6,UC_1,1509,1580
uni179917B6,UC_2,2209,1580
uni179917B6,UN_1,1160,1580
uni179917B6,UN_2,2209,1580
uni179917B6,UR_1,1987,1580
uni179917B6,UR_2,2737,1580
uni179917B6,zxc1,2499,1236
uni17D21784.low,LA,-658,-1270
uni17D21784.low,LX,-225,-1270
uni17D21784.low,_LC,-658,-670
uni17D21784.low,_LR,-245,-670
uni17D21784.low,_LX,-225,-670
uni17CA.narrow,UA,-695,1869
uni17CA.narrow,UX,-225,1869
uni17CA.narrow,_UR,-245,1580
uni17CA.narrow,_UX,-225,1580
uni1ECE,LL,764,-110
uni1ECE,LU,780,2259
uni1ECE,PA,1385,425
uni1ECE,_PA,1385,415
uni1ECE,_def,1385,443
uni1797,LC,772,0
uni1797,LR,1349,0
uni1797,UC,823,1580
uni1797,UN,772,1580
uni1797,UR,1349,1580
iacute,LL,421,-110
iacute,LU,421,1798
iacute,PB,52,0
iacute,def,52,0
uni1EC5,LL,721,-110
uni1EC5,LU,684,2093
uni1EC5,PB,570,0
uni1EC5,def,610,0
O,LL,764,-110
O,LU,764,1775
L,LL,891,-110
L,LU,423,1745
U,LL,916,-110
U,LU,936,1745
uni17D2179F17C5.rightlow,LC_1,29,-1265
uni17D2179F17C5.rightlow,LC_2,782,0
uni17D2179F17C5.rightlow,LR_1,562,-1265
uni17D2179F17C5.rightlow,LR_2,1312,0
uni17D2179F17C5.rightlow,UC_1,112,1580
uni17D2179F17C5.rightlow,UC_2,782,1580
uni17D2179F17C5.rightlow,UN_1,29,1580
uni17D2179F17C5.rightlow,UN_2,782,1580
uni17D2179F17C5.rightlow,UR_1,562,1580
uni17D2179F17C5.rightlow,UR_2,1312,1580
